day,hour,weather,is_workday,flow
0,0,晴,1,261
0,1,晴,1,375
0,2,晴,1,372
0,3,雨,1,432
0,4,晴,1,318
0,5,晴,1,392
0,6,晴,1,585
0,7,晴,1,1199
0,8,晴,1,1265
0,9,晴,1,1063
0,10,晴,1,743
0,11,晴,1,632
0,12,晴,1,524
0,13,晴,1,461
0,14,晴,1,464
0,15,晴,1,649
0,16,晴,1,675
0,17,晴,1,1032
0,18,晴,1,1181
0,19,晴,1,1076
0,20,晴,1,979
0,21,晴,1,669
0,22,雪,1,530
0,23,雪,1,571
1,0,晴,1,269
1,1,晴,1,223
1,2,雨,1,242
1,3,晴,1,281
1,4,晴,1,411
1,5,雨,1,505
1,6,雨,1,777
1,7,晴,1,1073
1,8,雨,1,1179
1,9,晴,1,1211
1,10,晴,1,888
1,11,晴,1,512
1,12,雨,1,431
1,13,雨,1,496
1,14,雨,1,632
1,15,晴,1,600
1,16,晴,1,725
1,17,晴,1,1040
1,18,晴,1,1086
1,19,晴,1,1128
1,20,雪,1,714
1,21,雨,1,454
1,22,晴,1,495
1,23,晴,1,467
2,0,雪,1,390
2,1,雨,1,442
2,2,雨,1,459
2,3,雨,1,365
2,4,晴,1,344
2,5,晴,1,404
2,6,雨,1,581
2,7,晴,1,1150
2,8,晴,1,1336
2,9,晴,1,1109
2,10,晴,1,718
2,11,雪,1,696
2,12,雪,1,513
2,13,晴,1,369
2,14,晴,1,521
2,15,晴,1,539
2,16,晴,1,795
2,17,晴,1,1024
2,18,晴,1,1227
2,19,晴,1,1044
2,20,晴,1,695
2,21,雨,1,635
2,22,晴,1,625
2,23,晴,1,612
3,0,晴,1,310
3,1,晴,1,423
3,2,晴,1,486
3,3,晴,1,421
3,4,晴,1,416
3,5,晴,1,336
3,6,晴,1,843
3,7,晴,1,1110
3,8,晴,1,1271
3,9,晴,1,1167
3,10,雨,1,903
3,11,晴,1,787
3,12,晴,1,399
3,13,晴,1,598
3,14,雨,1,562
3,15,晴,1,671
3,16,晴,1,775
3,17,晴,1,1112
3,18,晴,1,1213
3,19,晴,1,947
3,20,晴,1,816
3,21,晴,1,497
3,22,晴,1,574
3,23,雨,1,602
4,0,晴,1,280
4,1,晴,1,361
4,2,晴,1,420
4,3,晴,1,332
4,4,雨,1,583
4,5,晴,1,441
4,6,晴,1,717
4,7,晴,1,1201
4,8,晴,1,1290
4,9,雪,1,1182
4,10,雪,1,758
4,11,晴,1,646
4,12,雨,1,440
4,13,晴,1,461
4,14,雪,1,563
4,15,晴,1,714
4,16,晴,1,842
4,17,雨,1,1049
4,18,晴,1,1123
4,19,晴,1,1155
4,20,雨,1,781
4,21,雪,1,594
4,22,晴,1,627
4,23,晴,1,501
5,0,雨,0,268
5,1,晴,0,264
5,2,晴,0,263
5,3,晴,0,183
5,4,晴,0,121
5,5,晴,0,362
5,6,晴,0,622
5,7,晴,0,996
5,8,雨,0,1243
5,9,晴,0,921
5,10,晴,0,885
5,11,晴,0,631
5,12,雨,0,415
5,13,晴,0,438
5,14,雨,0,377
5,15,晴,0,340
5,16,晴,0,595
5,17,晴,0,1078
5,18,晴,0,1125
5,19,雨,0,816
5,20,晴,0,687
5,21,晴,0,605
5,22,晴,0,354
5,23,雨,0,298
6,0,晴,0,231
6,1,晴,0,399
6,2,晴,0,146
6,3,晴,0,243
6,4,晴,0,388
6,5,晴,0,440
6,6,晴,0,698
6,7,雨,0,1210
6,8,晴,0,1183
6,9,晴,0,1027
6,10,雪,0,542
6,11,晴,0,586
6,12,晴,0,469
6,13,晴,0,408
6,14,雪,0,374
6,15,晴,0,490
6,16,雨,0,607
6,17,晴,0,916
6,18,晴,0,1128
6,19,雨,0,991
6,20,晴,0,701
6,21,雨,0,416
6,22,雪,0,269
6,23,雨,0,303
7,0,晴,1,474
7,1,雨,1,314
7,2,晴,1,351
7,3,雨,1,426
7,4,晴,1,345
7,5,晴,1,502
7,6,雪,1,772
7,7,雪,1,1073
7,8,雪,1,1452
7,9,晴,1,1208
7,10,晴,1,890
7,11,雨,1,488
7,12,雨,1,458
7,13,晴,1,502
7,14,晴,1,488
7,15,晴,1,638
7,16,晴,1,806
7,17,晴,1,1153
7,18,晴,1,1165
7,19,雨,1,1061
7,20,雨,1,849
7,21,雪,1,535
7,22,雪,1,459
7,23,晴,1,610
8,0,雨,1,187
8,1,雪,1,475
8,2,晴,1,325
8,3,晴,1,351
8,4,晴,1,466
8,5,晴,1,495
8,6,雪,1,678
8,7,雨,1,1055
8,8,晴,1,1305
8,9,雪,1,1201
8,10,晴,1,832
8,11,晴,1,588
8,12,晴,1,480
8,13,晴,1,651
8,14,晴,1,504
8,15,晴,1,651
8,16,晴,1,744
8,17,晴,1,936
8,18,晴,1,1046
8,19,雨,1,1074
8,20,晴,1,816
8,21,晴,1,691
8,22,雪,1,506
8,23,雨,1,478
9,0,雪,1,373
9,1,晴,1,262
9,2,雪,1,372
9,3,晴,1,373
9,4,晴,1,355
9,5,雨,1,429
9,6,雨,1,915
9,7,雪,1,1148
9,8,雨,1,1274
9,9,晴,1,995
9,10,雪,1,684
9,11,晴,1,627
9,12,晴,1,448
9,13,晴,1,478
9,14,晴,1,522
9,15,雨,1,697
9,16,晴,1,839
9,17,晴,1,1058
9,18,晴,1,1319
9,19,晴,1,1115
9,20,晴,1,619
9,21,晴,1,689
9,22,雪,1,528
9,23,雨,1,327
10,0,晴,1,428
10,1,雪,1,376
10,2,晴,1,348
10,3,晴,1,415
10,4,晴,1,364
10,5,晴,1,466
10,6,晴,1,784
10,7,晴,1,1117
10,8,晴,1,1211
10,9,晴,1,1162
10,10,雨,1,958
10,11,晴,1,558
10,12,晴,1,449
10,13,晴,1,458
10,14,晴,1,398
10,15,晴,1,558
10,16,晴,1,749
10,17,雨,1,1048
10,18,晴,1,1268
10,19,雨,1,995
10,20,晴,1,713
10,21,晴,1,475
10,22,晴,1,462
10,23,雨,1,325
11,0,晴,1,418
11,1,雨,1,270
11,2,晴,1,272
11,3,晴,1,357
11,4,晴,1,299
11,5,晴,1,361
11,6,晴,1,709
11,7,晴,1,1070
11,8,晴,1,1317
11,9,晴,1,1195
11,10,雨,1,724
11,11,晴,1,584
11,12,晴,1,479
11,13,晴,1,629
11,14,晴,1,624
11,15,晴,1,469
11,16,晴,1,759
11,17,晴,1,1055
11,18,晴,1,1163
11,19,晴,1,995
11,20,晴,1,691
11,21,雨,1,530
11,22,晴,1,312
11,23,雪,1,556
12,0,晴,0,281
12,1,雨,0,243
12,2,雨,0,192
12,3,晴,0,208
12,4,雪,0,428
12,5,晴,0,463
12,6,雨,0,649
12,7,晴,0,942
12,8,晴,0,1163
12,9,晴,0,998
12,10,晴,0,603
12,11,晴,0,505
12,12,晴,0,402
12,13,晴,0,370
12,14,晴,0,364
12,15,晴,0,534
12,16,雨,0,599
12,17,晴,0,1139
12,18,晴,0,1113
12,19,晴,0,952
12,20,晴,0,696
12,21,雨,0,600
12,22,晴,0,365
12,23,晴,0,448
13,0,晴,0,293
13,1,晴,0,332
13,2,晴,0,228
13,3,雨,0,327
13,4,晴,0,210
13,5,晴,0,155
13,6,雨,0,567
13,7,雨,0,1024
13,8,晴,0,1271
13,9,晴,0,1030
13,10,晴,0,707
13,11,晴,0,529
13,12,晴,0,455
13,13,晴,0,502
13,14,雨,0,373
13,15,晴,0,506
13,16,晴,0,778
13,17,雨,0,977
13,18,晴,0,1202
13,19,晴,0,909
13,20,晴,0,734
13,21,晴,0,551
13,22,晴,0,282
13,23,晴,0,423
14,0,晴,1,363
14,1,晴,1,416
14,2,晴,1,364
14,3,晴,1,563
14,4,晴,1,507
14,5,雪,1,481
14,6,雨,1,814
14,7,晴,1,1031
14,8,晴,1,1314
14,9,雪,1,1131
14,10,晴,1,997
14,11,晴,1,626
14,12,晴,1,600
14,13,晴,1,456
14,14,晴,1,581
14,15,雪,1,388
14,16,晴,1,859
14,17,晴,1,979
14,18,晴,1,1109
14,19,晴,1,1033
14,20,晴,1,821
14,21,晴,1,561
14,22,晴,1,431
14,23,雪,1,542
15,0,晴,1,286
15,1,雪,1,336
15,2,晴,1,295
15,3,雨,1,363
15,4,晴,1,355
15,5,晴,1,446
15,6,晴,1,999
15,7,晴,1,1034
15,8,雨,1,1411
15,9,晴,1,910
15,10,晴,1,700
15,11,晴,1,600
15,12,雨,1,502
15,13,晴,1,545
15,14,晴,1,483
15,15,晴,1,568
15,16,雨,1,750
15,17,晴,1,1047
15,18,晴,1,1207
15,19,晴,1,1034
15,20,晴,1,729
15,21,晴,1,555
15,22,雨,1,531
15,23,晴,1,521
16,0,晴,1,297
16,1,雨,1,275
16,2,晴,1,216
16,3,雨,1,492
16,4,雨,1,265
16,5,晴,1,369
16,6,晴,1,854
16,7,晴,1,1009
16,8,晴,1,1159
16,9,雪,1,1079
16,10,雨,1,872
16,11,雨,1,581
16,12,晴,1,687
16,13,晴,1,556
16,14,晴,1,409
16,15,晴,1,581
16,16,晴,1,627
16,17,晴,1,1089
16,18,晴,1,1162
16,19,晴,1,1087
16,20,晴,1,887
16,21,晴,1,699
16,22,晴,1,500
16,23,晴,1,565
17,0,晴,1,322
17,1,晴,1,365
17,2,晴,1,228
17,3,晴,1,287
17,4,雨,1,410
17,5,晴,1,294
17,6,晴,1,801
17,7,晴,1,1137
17,8,晴,1,1348
17,9,晴,1,1001
17,10,晴,1,659
17,11,雨,1,663
17,12,晴,1,529
17,13,晴,1,476
17,14,晴,1,388
17,15,雨,1,541
17,16,雨,1,670
17,17,晴,1,1119
17,18,晴,1,1094
17,19,晴,1,1027
17,20,雨,1,822
17,21,晴,1,623
17,22,晴,1,476
17,23,晴,1,551
18,0,晴,1,415
18,1,晴,1,360
18,2,晴,1,385
18,3,雪,1,334
18,4,雪,1,454
18,5,雨,1,427
18,6,晴,1,681
18,7,晴,1,1163
18,8,晴,1,1216
18,9,雨,1,1225
18,10,晴,1,827
18,11,雨,1,429
18,12,晴,1,584
18,13,晴,1,525
18,14,晴,1,569
18,15,雨,1,577
18,16,雪,1,855
18,17,晴,1,990
18,18,晴,1,1273
18,19,雪,1,1070
18,20,雨,1,622
18,21,雨,1,433
18,22,晴,1,488
18,23,晴,1,436
19,0,晴,0,95
19,1,晴,0,153
19,2,晴,0,236
19,3,雨,0,185
19,4,雪,0,449
19,5,晴,0,281
19,6,雪,0,787
19,7,晴,0,1152
19,8,晴,0,1158
19,9,晴,0,975
19,10,雨,0,654
19,11,雪,0,470
19,12,雨,0,384
19,13,雨,0,309
19,14,晴,0,440
19,15,晴,0,443
19,16,晴,0,846
19,17,晴,0,1020
19,18,晴,0,1070
19,19,晴,0,991
19,20,雨,0,700
19,21,晴,0,560
19,22,晴,0,272
19,23,晴,0,300
20,0,雨,0,182
20,1,晴,0,249
20,2,晴,0,0
20,3,晴,0,181
20,4,雨,0,370
20,5,晴,0,243
20,6,晴,0,713
20,7,晴,0,1047
20,8,雨,0,1232
20,9,雨,0,1080
20,10,晴,0,774
20,11,雨,0,606
20,12,晴,0,385
20,13,雨,0,336
20,14,晴,0,446
20,15,晴,0,505
20,16,晴,0,722
20,17,雪,0,826
20,18,晴,0,1160
20,19,晴,0,837
20,20,雨,0,678
20,21,晴,0,441
20,22,雪,0,509
20,23,雪,0,286
21,0,晴,1,364
21,1,晴,1,382
21,2,晴,1,321
21,3,晴,1,365
21,4,晴,1,326
21,5,雨,1,444
21,6,雪,1,823
21,7,晴,1,1080
21,8,晴,1,1289
21,9,雨,1,960
21,10,晴,1,658
21,11,雪,1,551
21,12,晴,1,416
21,13,雨,1,488
21,14,晴,1,602
21,15,晴,1,678
21,16,雪,1,739
21,17,雪,1,953
21,18,晴,1,1101
21,19,晴,1,1177
21,20,雪,1,829
21,21,晴,1,557
21,22,晴,1,518
21,23,晴,1,482
22,0,雨,1,390
22,1,晴,1,347
22,2,雨,1,406
22,3,雨,1,409
22,4,雨,1,289
22,5,晴,1,460
22,6,雪,1,894
22,7,晴,1,1162
22,8,晴,1,1329
22,9,晴,1,1062
22,10,晴,1,735
22,11,晴,1,583
22,12,晴,1,463
22,13,晴,1,582
22,14,晴,1,499
22,15,晴,1,518
22,16,晴,1,839
22,17,雨,1,957
22,18,雨,1,1198
22,19,晴,1,999
22,20,晴,1,949
22,21,雨,1,571
22,22,晴,1,442
22,23,晴,1,504
23,0,晴,1,335
23,1,晴,1,291
23,2,晴,1,429
23,3,晴,1,401
23,4,晴,1,386
23,5,雨,1,370
23,6,晴,1,939
23,7,雨,1,1151
23,8,雨,1,1253
23,9,雨,1,1210
23,10,晴,1,803
23,11,雨,1,660
23,12,晴,1,546
23,13,雨,1,677
23,14,晴,1,430
23,15,雨,1,531
23,16,晴,1,994
23,17,雨,1,1037
23,18,晴,1,1109
23,19,晴,1,1090
23,20,晴,1,844
23,21,雨,1,564
23,22,雨,1,363
23,23,晴,1,429
24,0,雪,1,225
24,1,雨,1,510
24,2,晴,1,219
24,3,晴,1,305
24,4,雪,1,407
24,5,晴,1,334
24,6,雨,1,826
24,7,雪,1,1068
24,8,晴,1,1325
24,9,晴,1,1099
24,10,晴,1,781
24,11,晴,1,669
24,12,晴,1,422
24,13,晴,1,528
24,14,雪,1,577
24,15,晴,1,474
24,16,雨,1,633
24,17,晴,1,1023
24,18,晴,1,1032
24,19,雨,1,1065
24,20,晴,1,809
24,21,雨,1,462
24,22,晴,1,580
24,23,晴,1,599
25,0,雨,1,379
25,1,雨,1,453
25,2,晴,1,323
25,3,晴,1,307
25,4,晴,1,354
25,5,雪,1,351
25,6,晴,1,747
25,7,晴,1,1123
25,8,雪,1,1311
25,9,雨,1,1159
25,10,晴,1,626
25,11,晴,1,819
25,12,晴,1,439
25,13,晴,1,554
25,14,雪,1,535
25,15,晴,1,521
25,16,雨,1,801
25,17,雨,1,971
25,18,雪,1,1197
25,19,晴,1,1205
25,20,雨,1,721
25,21,雪,1,579
25,22,晴,1,426
25,23,晴,1,554
26,0,晴,0,188
26,1,晴,0,273
26,2,雪,0,330
26,3,雨,0,231
26,4,晴,0,309
26,5,晴,0,362
26,6,晴,0,778
26,7,雨,0,1068
26,8,雨,0,1303
26,9,晴,0,1002
26,10,晴,0,592
26,11,晴,0,352
26,12,晴,0,290
26,13,晴,0,378
26,14,晴,0,426
26,15,晴,0,417
26,16,晴,0,477
26,17,雨,0,890
26,18,晴,0,1063
26,19,晴,0,943
26,20,晴,0,773
26,21,晴,0,327
26,22,晴,0,467
26,23,雨,0,447
27,0,雪,0,229
27,1,雪,0,281
27,2,晴,0,234
27,3,晴,0,295
27,4,晴,0,195
27,5,晴,0,255
27,6,雨,0,541
27,7,晴,0,1054
27,8,雨,0,1151
27,9,晴,0,896
27,10,晴,0,616
27,11,晴,0,528
27,12,雨,0,427
27,13,晴,0,327
27,14,雪,0,524
27,15,晴,0,467
27,16,晴,0,695
27,17,晴,0,956
27,18,雨,0,1077
27,19,晴,0,977
27,20,晴,0,749
27,21,雪,0,449
27,22,晴,0,472
27,23,晴,0,345
28,0,雨,1,495
28,1,晴,1,283
28,2,晴,1,527
28,3,晴,1,252
28,4,雨,1,336
28,5,晴,1,470
28,6,晴,1,892
28,7,晴,1,1252
28,8,晴,1,1416
28,9,晴,1,988
28,10,雪,1,827
28,11,晴,1,522
28,12,晴,1,592
28,13,雪,1,591
28,14,晴,1,537
28,15,晴,1,531
28,16,晴,1,669
28,17,晴,1,988
28,18,晴,1,1139
28,19,雨,1,1047
28,20,晴,1,840
28,21,晴,1,582
28,22,晴,1,419
28,23,晴,1,402
29,0,雪,1,405
29,1,雨,1,505
29,2,晴,1,357
29,3,雪,1,297
29,4,晴,1,285
29,5,晴,1,484
29,6,晴,1,920
29,7,晴,1,1098
29,8,晴,1,1257
29,9,晴,1,1010
29,10,雪,1,800
29,11,雨,1,646
29,12,晴,1,454
29,13,雨,1,520
29,14,晴,1,553
29,15,雨,1,620
29,16,晴,1,671
29,17,晴,1,973
29,18,晴,1,1206
29,19,晴,1,1101
29,20,晴,1,929
29,21,晴,1,483
29,22,雪,1,532
29,23,雨,1,501
30,0,晴,1,314
30,1,雨,1,443
30,2,雨,1,395
30,3,晴,1,399
30,4,晴,1,269
30,5,晴,1,406
30,6,晴,1,798
30,7,雨,1,1136
30,8,晴,1,1497
30,9,雨,1,1099
30,10,晴,1,592
30,11,晴,1,589
30,12,晴,1,555
30,13,晴,1,507
30,14,晴,1,281
30,15,晴,1,597
30,16,晴,1,800
30,17,晴,1,942
30,18,晴,1,1144
30,19,雪,1,1040
30,20,晴,1,712
30,21,晴,1,540
30,22,晴,1,537
30,23,晴,1,451
31,0,晴,1,227
31,1,晴,1,422
31,2,晴,1,266
31,3,雨,1,334
31,4,晴,1,324
31,5,晴,1,340
31,6,雨,1,864
31,7,晴,1,1184
31,8,晴,1,1268
31,9,晴,1,1121
31,10,雨,1,803
31,11,晴,1,494
31,12,晴,1,435
31,13,晴,1,500
31,14,晴,1,417
31,15,晴,1,570
31,16,雨,1,573
31,17,晴,1,1009
31,18,晴,1,1222
31,19,雪,1,1061
31,20,雨,1,848
31,21,晴,1,484
31,22,晴,1,505
31,23,晴,1,575
32,0,晴,1,372
32,1,晴,1,413
32,2,晴,1,254
32,3,雨,1,356
32,4,晴,1,346
32,5,晴,1,441
32,6,雨,1,730
32,7,晴,1,1226
32,8,晴,1,1354
32,9,晴,1,1215
32,10,晴,1,816
32,11,雨,1,527
32,12,晴,1,563
32,13,晴,1,607
32,14,晴,1,535
32,15,雨,1,499
32,16,晴,1,710
32,17,雪,1,1048
32,18,雨,1,1316
32,19,雨,1,1189
32,20,雨,1,689
32,21,晴,1,602
32,22,雪,1,465
32,23,晴,1,398
33,0,晴,0,296
33,1,晴,0,261
33,2,晴,0,266
33,3,晴,0,238
33,4,晴,0,288
33,5,雨,0,355
33,6,雪,0,761
33,7,晴,0,957
33,8,雨,0,1271
33,9,晴,0,1081
33,10,晴,0,720
33,11,雪,0,486
33,12,晴,0,407
33,13,雨,0,396
33,14,雨,0,415
33,15,雨,0,354
33,16,雨,0,841
33,17,晴,0,1031
33,18,晴,0,1244
33,19,雨,0,995
33,20,晴,0,607
33,21,晴,0,512
33,22,晴,0,479
33,23,雪,0,327
34,0,晴,0,353
34,1,晴,0,216
34,2,晴,0,307
34,3,晴,0,367
34,4,晴,0,286
34,5,晴,0,450
34,6,雨,0,578
34,7,晴,0,934
34,8,晴,0,1134
34,9,雨,0,855
34,10,雨,0,558
34,11,晴,0,600
34,12,晴,0,508
34,13,晴,0,357
34,14,晴,0,590
34,15,晴,0,450
34,16,晴,0,806
34,17,晴,0,1096
34,18,晴,0,1050
34,19,雨,0,1011
34,20,晴,0,746
34,21,雨,0,421
34,22,雨,0,190
34,23,晴,0,465
35,0,晴,1,282
35,1,晴,1,339
35,2,晴,1,365
35,3,晴,1,397
35,4,晴,1,336
35,5,晴,1,455
35,6,雨,1,890
35,7,晴,1,968
35,8,晴,1,1187
35,9,晴,1,1029
35,10,晴,1,752
35,11,晴,1,646
35,12,晴,1,597
35,13,雨,1,487
35,14,晴,1,497
35,15,晴,1,685
35,16,晴,1,773
35,17,晴,1,1014
35,18,晴,1,1272
35,19,晴,1,1107
35,20,晴,1,789
35,21,晴,1,527
35,22,雪,1,434
35,23,晴,1,429
36,0,雪,1,282
36,1,雨,1,276
36,2,晴,1,308
36,3,晴,1,350
36,4,雪,1,372
36,5,晴,1,343
36,6,晴,1,814
36,7,晴,1,1130
36,8,雪,1,1291
36,9,晴,1,1074
36,10,雨,1,705
36,11,晴,1,629
36,12,晴,1,521
36,13,晴,1,530
36,14,晴,1,478
36,15,晴,1,530
36,16,雨,1,838
36,17,晴,1,1258
36,18,雨,1,1176
36,19,雨,1,1057
36,20,晴,1,750
36,21,晴,1,507
36,22,晴,1,476
36,23,晴,1,662
37,0,晴,1,293
37,1,晴,1,355
37,2,雨,1,298
37,3,雨,1,346
37,4,晴,1,307
37,5,晴,1,393
37,6,雨,1,678
37,7,雨,1,1130
37,8,雨,1,1271
37,9,晴,1,1163
37,10,雪,1,789
37,11,雪,1,525
37,12,晴,1,436
37,13,晴,1,502
37,14,雨,1,617
37,15,雪,1,528
37,16,晴,1,611
37,17,雨,1,1061
37,18,晴,1,1295
37,19,晴,1,1088
37,20,雪,1,659
37,21,晴,1,583
37,22,雨,1,579
37,23,雪,1,467
38,0,晴,1,306
38,1,雨,1,308
38,2,晴,1,334
38,3,晴,1,258
38,4,晴,1,379
38,5,晴,1,453
38,6,雪,1,815
38,7,晴,1,1119
38,8,晴,1,1204
38,9,晴,1,1102
38,10,晴,1,937
38,11,雨,1,602
38,12,晴,1,450
38,13,雨,1,550
38,14,雨,1,657
38,15,晴,1,601
38,16,晴,1,744
38,17,晴,1,1149
38,18,晴,1,1160
38,19,晴,1,1124
38,20,雨,1,712
38,21,晴,1,540
38,22,晴,1,573
38,23,晴,1,601
39,0,晴,1,341
39,1,雪,1,448
39,2,晴,1,379
39,3,晴,1,288
39,4,晴,1,332
39,5,雨,1,476
39,6,晴,1,904
39,7,晴,1,1204
39,8,晴,1,1382
39,9,雪,1,1017
39,10,雨,1,852
39,11,晴,1,637
39,12,晴,1,536
39,13,晴,1,554
39,14,晴,1,376
39,15,雨,1,391
39,16,晴,1,777
39,17,晴,1,1040
39,18,晴,1,1182
39,19,雨,1,1078
39,20,晴,1,773
39,21,雨,1,599
39,22,晴,1,583
39,23,晴,1,459
40,0,雨,0,277
40,1,晴,0,198
40,2,晴,0,99
40,3,晴,0,227
40,4,晴,0,348
40,5,晴,0,265
40,6,雪,0,728
40,7,晴,0,1094
40,8,雨,0,1258
40,9,晴,0,971
40,10,晴,0,635
40,11,雨,0,487
40,12,晴,0,435
40,13,雨,0,454
40,14,雨,0,465
40,15,晴,0,688
40,16,晴,0,775
40,17,晴,0,916
40,18,雨,0,1268
40,19,晴,0,856
40,20,晴,0,576
40,21,晴,0,536
40,22,晴,0,392
40,23,晴,0,209
41,0,雪,0,368
41,1,晴,0,298
41,2,晴,0,241
41,3,晴,0,236
41,4,晴,0,247
41,5,晴,0,168
41,6,晴,0,622
41,7,晴,0,969
41,8,晴,0,1286
41,9,晴,0,976
41,10,晴,0,724
41,11,晴,0,469
41,12,晴,0,343
41,13,晴,0,424
41,14,晴,0,411
41,15,雨,0,559
41,16,雪,0,625
41,17,晴,0,892
41,18,晴,0,1166
41,19,雨,0,930
41,20,晴,0,731
41,21,雪,0,430
41,22,雨,0,424
41,23,晴,0,352
42,0,晴,1,283
42,1,晴,1,173
42,2,晴,1,471
42,3,晴,1,312
42,4,晴,1,405
42,5,晴,1,420
42,6,晴,1,888
42,7,晴,1,984
42,8,晴,1,1316
42,9,雨,1,1183
42,10,雨,1,798
42,11,晴,1,524
42,12,晴,1,378
42,13,晴,1,451
42,14,晴,1,356
42,15,雨,1,632
42,16,晴,1,795
42,17,晴,1,1112
42,18,晴,1,1124
42,19,雨,1,957
42,20,晴,1,799
42,21,雨,1,612
42,22,雪,1,367
42,23,晴,1,445
43,0,晴,1,476
43,1,晴,1,412
43,2,晴,1,329
43,3,晴,1,254
43,4,雨,1,287
43,5,晴,1,399
43,6,晴,1,681
43,7,晴,1,1220
43,8,晴,1,1388
43,9,晴,1,1028
43,10,晴,1,945
43,11,晴,1,547
43,12,晴,1,515
43,13,雪,1,464
43,14,晴,1,425
43,15,晴,1,544
43,16,雨,1,613
43,17,雪,1,1016
43,18,晴,1,1192
43,19,雨,1,1063
43,20,晴,1,634
43,21,晴,1,454
43,22,晴,1,527
43,23,晴,1,406
44,0,雨,1,332
44,1,晴,1,448
44,2,晴,1,249
44,3,雪,1,282
44,4,晴,1,441
44,5,晴,1,288
44,6,晴,1,777
44,7,晴,1,1309
44,8,雪,1,1323
44,9,晴,1,1194
44,10,晴,1,758
44,11,晴,1,482
44,12,晴,1,392
44,13,雪,1,522
44,14,雪,1,534
44,15,雨,1,715
44,16,晴,1,728
44,17,雨,1,1067
44,18,晴,1,1190
44,19,雪,1,951
44,20,晴,1,777
44,21,晴,1,657
44,22,晴,1,564
44,23,晴,1,443
45,0,晴,1,567
45,1,雨,1,328
45,2,雪,1,445
45,3,雨,1,324
45,4,晴,1,457
45,5,雨,1,417
45,6,晴,1,783
45,7,晴,1,1203
45,8,晴,1,1456
45,9,雨,1,1103
45,10,晴,1,761
45,11,晴,1,524
45,12,雨,1,443
45,13,雪,1,448
45,14,晴,1,470
45,15,晴,1,642
45,16,雨,1,798
45,17,晴,1,1102
45,18,雨,1,1255
45,19,雨,1,1139
45,20,雨,1,696
45,21,晴,1,590
45,22,晴,1,381
45,23,晴,1,370
46,0,晴,1,358
46,1,雪,1,339
46,2,晴,1,352
46,3,晴,1,400
46,4,晴,1,481
46,5,雨,1,434
46,6,晴,1,781
46,7,晴,1,1066
46,8,晴,1,1369
46,9,雪,1,1072
46,10,晴,1,772
46,11,晴,1,634
46,12,晴,1,521
46,13,晴,1,504
46,14,晴,1,444
46,15,雨,1,600
46,16,晴,1,932
46,17,晴,1,941
46,18,晴,1,1111
46,19,雨,1,1107
46,20,雨,1,776
46,21,晴,1,683
46,22,晴,1,453
46,23,晴,1,572
47,0,晴,0,276
47,1,晴,0,174
47,2,雨,0,200
47,3,晴,0,252
47,4,雨,0,195
47,5,晴,0,424
47,6,晴,0,752
47,7,晴,0,983
47,8,雨,0,1187
47,9,雪,0,1098
47,10,晴,0,689
47,11,晴,0,642
47,12,晴,0,456
47,13,晴,0,337
47,14,雪,0,328
47,15,晴,0,558
47,16,雨,0,622
47,17,晴,0,956
47,18,雪,0,873
47,19,晴,0,946
47,20,晴,0,545
47,21,晴,0,360
47,22,雨,0,511
47,23,雨,0,375
48,0,晴,0,220
48,1,雨,0,418
48,2,晴,0,327
48,3,晴,0,379
48,4,晴,0,366
48,5,晴,0,399
48,6,晴,0,818
48,7,晴,0,962
48,8,雨,0,1129
48,9,晴,0,910
48,10,晴,0,554
48,11,雨,0,493
48,12,晴,0,292
48,13,晴,0,312
48,14,晴,0,395
48,15,晴,0,262
48,16,晴,0,651
48,17,晴,0,946
48,18,雪,0,1261
48,19,晴,0,962
48,20,雨,0,667
48,21,雪,0,597
48,22,晴,0,393
48,23,晴,0,416
49,0,晴,1,428
49,1,晴,1,290
49,2,晴,1,429
49,3,雪,1,243
49,4,雨,1,418
49,5,晴,1,488
49,6,晴,1,762
49,7,晴,1,1108
49,8,晴,1,1433
49,9,晴,1,1114
49,10,晴,1,837
49,11,晴,1,588
49,12,晴,1,461
49,13,晴,1,455
49,14,晴,1,544
49,15,晴,1,686
49,16,雨,1,653
49,17,晴,1,1171
49,18,晴,1,1251
49,19,晴,1,1026
49,20,晴,1,783
49,21,晴,1,623
49,22,晴,1,425
49,23,雪,1,488
50,0,晴,1,350
50,1,晴,1,219
50,2,晴,1,417
50,3,晴,1,302
50,4,晴,1,319
50,5,晴,1,427
50,6,晴,1,830
50,7,晴,1,1152
50,8,雪,1,1303
50,9,晴,1,1149
50,10,晴,1,736
50,11,晴,1,596
50,12,雪,1,558
50,13,雪,1,456
50,14,雪,1,515
50,15,雪,1,619
50,16,雨,1,750
50,17,雨,1,945
50,18,晴,1,1311
50,19,晴,1,1139
50,20,晴,1,757
50,21,晴,1,698
50,22,晴,1,562
50,23,晴,1,484
51,0,晴,1,294
51,1,雨,1,263
51,2,雨,1,337
51,3,晴,1,281
51,4,晴,1,300
51,5,晴,1,461
51,6,晴,1,686
51,7,雨,1,994
51,8,雪,1,1308
51,9,晴,1,1170
51,10,雨,1,826
51,11,晴,1,457
51,12,晴,1,457
51,13,雪,1,455
51,14,晴,1,390
51,15,晴,1,576
51,16,晴,1,774
51,17,晴,1,1030
51,18,雪,1,1076
51,19,晴,1,1203
51,20,晴,1,693
51,21,晴,1,650
51,22,雨,1,625
51,23,晴,1,468
52,0,晴,1,382
52,1,晴,1,243
52,2,晴,1,320
52,3,晴,1,387
52,4,晴,1,365
52,5,晴,1,491
52,6,雨,1,756
52,7,晴,1,1199
52,8,雨,1,1223
52,9,雨,1,1156
52,10,晴,1,748
52,11,晴,1,450
52,12,晴,1,569
52,13,晴,1,298
52,14,雪,1,454
52,15,晴,1,491
52,16,晴,1,854
52,17,雨,1,1110
52,18,晴,1,1115
52,19,雨,1,949
52,20,雨,1,720
52,21,雪,1,482
52,22,雨,1,629
52,23,晴,1,363
53,0,晴,1,494
53,1,晴,1,380
53,2,雨,1,395
53,3,晴,1,359
53,4,晴,1,237
53,5,雨,1,497
53,6,雨,1,796
53,7,晴,1,1046
53,8,晴,1,1386
53,9,晴,1,1202
53,10,雪,1,881
53,11,雨,1,658
53,12,晴,1,471
53,13,晴,1,546
53,14,晴,1,597
53,15,晴,1,648
53,16,雪,1,566
53,17,晴,1,1039
53,18,雨,1,1143
53,19,晴,1,1160
53,20,雨,1,752
53,21,晴,1,610
53,22,雨,1,528
53,23,雪,1,606
54,0,晴,0,395
54,1,雨,0,253
54,2,晴,0,269
54,3,晴,0,362
54,4,晴,0,175
54,5,雨,0,253
54,6,晴,0,642
54,7,晴,0,1084
54,8,晴,0,1205
54,9,晴,0,971
54,10,晴,0,794
54,11,晴,0,363
54,12,雨,0,359
54,13,雨,0,390
54,14,晴,0,557
54,15,晴,0,421
54,16,晴,0,700
54,17,晴,0,932
54,18,晴,0,1005
54,19,晴,0,986
54,20,雨,0,633
54,21,晴,0,431
54,22,晴,0,306
54,23,雪,0,407
55,0,晴,0,371
55,1,雨,0,200
55,2,晴,0,161
55,3,晴,0,118
55,4,晴,0,124
55,5,晴,0,324
55,6,晴,0,701
55,7,晴,0,1054
55,8,晴,0,1193
55,9,晴,0,1037
55,10,晴,0,814
55,11,晴,0,584
55,12,晴,0,509
55,13,晴,0,483
55,14,晴,0,465
55,15,雨,0,350
55,16,雪,0,640
55,17,晴,0,967
55,18,雨,0,1030
55,19,晴,0,1080
55,20,晴,0,631
55,21,雪,0,343
55,22,晴,0,381
55,23,晴,0,434
56,0,雪,1,280
56,1,雨,1,338
56,2,雪,1,221
56,3,晴,1,316
56,4,雨,1,365
56,5,晴,1,427
56,6,晴,1,858
56,7,晴,1,1045
56,8,晴,1,1328
56,9,晴,1,1168
56,10,晴,1,738
56,11,晴,1,514
56,12,晴,1,651
56,13,晴,1,478
56,14,晴,1,545
56,15,雨,1,609
56,16,雪,1,645
56,17,晴,1,1061
56,18,雨,1,1212
56,19,晴,1,1182
56,20,晴,1,769
56,21,晴,1,635
56,22,晴,1,577
56,23,晴,1,479
57,0,雨,1,521
57,1,晴,1,289
57,2,雨,1,220
57,3,晴,1,188
57,4,雪,1,326
57,5,晴,1,292
57,6,晴,1,739
57,7,晴,1,1123
57,8,雪,1,1320
57,9,晴,1,1092
57,10,晴,1,738
57,11,晴,1,544
57,12,晴,1,558
57,13,雨,1,419
57,14,雨,1,457
57,15,晴,1,600
57,16,晴,1,765
57,17,晴,1,912
57,18,晴,1,1283
57,19,雨,1,1007
57,20,晴,1,665
57,21,晴,1,464
57,22,雪,1,598
57,23,晴,1,330
58,0,晴,1,383
58,1,雨,1,417
58,2,雨,1,318
58,3,晴,1,478
58,4,晴,1,285
58,5,晴,1,477
58,6,晴,1,803
58,7,晴,1,1262
58,8,晴,1,1277
58,9,晴,1,1157
58,10,晴,1,802
58,11,晴,1,462
58,12,晴,1,503
58,13,晴,1,455
58,14,晴,1,521
58,15,晴,1,609
58,16,晴,1,864
58,17,晴,1,858
58,18,雨,1,1200
58,19,晴,1,941
58,20,雨,1,801
58,21,晴,1,751
58,22,晴,1,485
58,23,晴,1,438
59,0,晴,1,312
59,1,雨,1,247
59,2,晴,1,135
59,3,晴,1,372
59,4,雨,1,360
59,5,晴,1,373
59,6,晴,1,706
59,7,晴,1,1190
59,8,雨,1,1399
59,9,雨,1,1133
59,10,雨,1,627
59,11,雨,1,569
59,12,晴,1,541
59,13,雨,1,479
59,14,晴,1,498
59,15,雨,1,517
59,16,雪,1,735
59,17,晴,1,1120
59,18,雪,1,1215
59,19,晴,1,1000
59,20,晴,1,733
59,21,雪,1,681
59,22,晴,1,426
59,23,晴,1,446
60,0,晴,1,335
60,1,晴,1,300
60,2,雨,1,453
60,3,晴,1,428
60,4,晴,1,347
60,5,晴,1,603
60,6,雨,1,815
60,7,晴,1,1244
60,8,雨,1,1411
60,9,雨,1,1156
60,10,雨,1,702
60,11,晴,1,588
60,12,晴,1,457
60,13,晴,1,545
60,14,雨,1,541
60,15,雨,1,591
60,16,晴,1,820
60,17,晴,1,1070
60,18,晴,1,1192
60,19,雨,1,947
60,20,晴,1,707
60,21,晴,1,493
60,22,晴,1,580
60,23,晴,1,488
61,0,晴,0,267
61,1,晴,0,211
61,2,雨,0,338
61,3,晴,0,299
61,4,晴,0,272
61,5,晴,0,330
61,6,晴,0,628
61,7,晴,0,974
61,8,晴,0,1077
61,9,晴,0,1072
61,10,雨,0,751
61,11,晴,0,545
61,12,晴,0,338
61,13,晴,0,517
61,14,晴,0,386
61,15,晴,0,513
61,16,晴,0,558
61,17,雨,0,1038
61,18,雨,0,1153
61,19,雪,0,921
61,20,雨,0,619
61,21,晴,0,525
61,22,晴,0,505
61,23,雨,0,336
62,0,雨,0,242
62,1,晴,0,209
62,2,晴,0,347
62,3,晴,0,203
62,4,晴,0,168
62,5,晴,0,389
62,6,雨,0,801
62,7,晴,0,1073
62,8,雨,0,1285
62,9,晴,0,1184
62,10,雨,0,825
62,11,雪,0,624
62,12,雨,0,556
62,13,晴,0,363
62,14,晴,0,469
62,15,雪,0,486
62,16,晴,0,539
62,17,雪,0,956
62,18,雪,0,1189
62,19,雨,0,989
62,20,晴,0,652
62,21,晴,0,421
62,22,晴,0,457
62,23,晴,0,388
63,0,晴,1,439
63,1,晴,1,436
63,2,晴,1,382
63,3,晴,1,269
63,4,晴,1,332
63,5,晴,1,579
63,6,雨,1,836
63,7,晴,1,1229
63,8,雨,1,1221
63,9,晴,1,1367
63,10,晴,1,661
63,11,雪,1,627
63,12,晴,1,375
63,13,晴,1,591
63,14,晴,1,448
63,15,晴,1,561
63,16,雨,1,784
63,17,晴,1,1109
63,18,雨,1,1186
63,19,雨,1,1062
63,20,晴,1,780
63,21,晴,1,579
63,22,雨,1,498
63,23,晴,1,462
64,0,雪,1,377
64,1,雪,1,374
64,2,晴,1,296
64,3,晴,1,337
64,4,晴,1,226
64,5,晴,1,415
64,6,晴,1,658
64,7,雨,1,1086
64,8,晴,1,1218
64,9,晴,1,1062
64,10,晴,1,903
64,11,晴,1,493
64,12,晴,1,484
64,13,晴,1,529
64,14,雨,1,359
64,15,晴,1,561
64,16,雨,1,776
64,17,晴,1,960
64,18,晴,1,1085
64,19,晴,1,1107
64,20,晴,1,606
64,21,雨,1,542
64,22,晴,1,417
64,23,雨,1,315
65,0,晴,1,440
65,1,雨,1,404
65,2,晴,1,448
65,3,雪,1,362
65,4,雨,1,269
65,5,晴,1,394
65,6,雨,1,528
65,7,雨,1,1005
65,8,晴,1,1278
65,9,晴,1,1207
65,10,晴,1,754
65,11,晴,1,611
65,12,雪,1,535
65,13,晴,1,402
65,14,晴,1,414
65,15,晴,1,626
65,16,晴,1,686
65,17,晴,1,1077
65,18,晴,1,1127
65,19,晴,1,987
65,20,雨,1,787
65,21,雪,1,558
65,22,晴,1,484
65,23,雨,1,421
66,0,晴,1,359
66,1,雨,1,282
66,2,雨,1,391
66,3,晴,1,273
66,4,晴,1,335
66,5,晴,1,477
66,6,晴,1,817
66,7,晴,1,1153
66,8,雨,1,1288
66,9,晴,1,1028
66,10,晴,1,860
66,11,晴,1,582
66,12,晴,1,462
66,13,雪,1,444
66,14,晴,1,640
66,15,晴,1,557
66,16,晴,1,912
66,17,雪,1,933
66,18,雨,1,1293
66,19,晴,1,1015
66,20,晴,1,709
66,21,晴,1,484
66,22,晴,1,514
66,23,晴,1,572
67,0,晴,1,354
67,1,晴,1,309
67,2,雨,1,225
67,3,晴,1,327
67,4,雨,1,384
67,5,晴,1,362
67,6,晴,1,892
67,7,晴,1,1084
67,8,雨,1,1326
67,9,晴,1,1087
67,10,晴,1,853
67,11,晴,1,593
67,12,晴,1,637
67,13,晴,1,513
67,14,晴,1,553
67,15,晴,1,589
67,16,晴,1,663
67,17,雨,1,1136
67,18,雪,1,1226
67,19,晴,1,1087
67,20,晴,1,836
67,21,晴,1,656
67,22,雪,1,425
67,23,晴,1,399
68,0,晴,0,184
68,1,雨,0,149
68,2,雪,0,212
68,3,雪,0,159
68,4,晴,0,177
68,5,雪,0,358
68,6,晴,0,562
68,7,晴,0,1023
68,8,晴,0,1265
68,9,晴,0,1088
68,10,雪,0,739
68,11,晴,0,540
68,12,晴,0,465
68,13,晴,0,313
68,14,晴,0,391
68,15,晴,0,521
68,16,晴,0,617
68,17,晴,0,905
68,18,晴,0,1118
68,19,晴,0,1082
68,20,晴,0,719
68,21,晴,0,343
68,22,晴,0,422
68,23,雪,0,320
69,0,晴,0,318
69,1,雪,0,350
69,2,雨,0,402
69,3,雨,0,316
69,4,晴,0,301
69,5,晴,0,374
69,6,晴,0,612
69,7,雪,0,1015
69,8,晴,0,1211
69,9,雨,0,968
69,10,晴,0,728
69,11,晴,0,650
69,12,晴,0,275
69,13,雪,0,449
69,14,雨,0,407
69,15,晴,0,509
69,16,晴,0,667
69,17,晴,0,921
69,18,晴,0,986
69,19,晴,0,997
69,20,晴,0,691
69,21,晴,0,508
69,22,晴,0,505
69,23,晴,0,359
70,0,晴,1,344
70,1,晴,1,281
70,2,雨,1,305
70,3,雨,1,247
70,4,雨,1,301
70,5,晴,1,255
70,6,雪,1,821
70,7,晴,1,1279
70,8,晴,1,1208
70,9,晴,1,1098
70,10,雪,1,932
70,11,晴,1,624
70,12,晴,1,536
70,13,雪,1,430
70,14,晴,1,495
70,15,晴,1,523
70,16,晴,1,789
70,17,晴,1,1079
70,18,晴,1,1162
70,19,晴,1,1022
70,20,晴,1,850
70,21,晴,1,676
70,22,晴,1,482
70,23,雨,1,473
71,0,晴,1,254
71,1,雨,1,326
71,2,晴,1,351
71,3,雨,1,225
71,4,雪,1,392
71,5,雪,1,413
71,6,雪,1,903
71,7,晴,1,1237
71,8,雨,1,1459
71,9,晴,1,1151
71,10,雨,1,770
71,11,雨,1,606
71,12,晴,1,496
71,13,晴,1,596
71,14,雪,1,565
71,15,晴,1,535
71,16,晴,1,811
71,17,晴,1,903
71,18,晴,1,1320
71,19,晴,1,989
71,20,晴,1,865
71,21,晴,1,535
71,22,雪,1,518
71,23,晴,1,474
72,0,晴,1,385
72,1,晴,1,257
72,2,晴,1,170
72,3,晴,1,452
72,4,晴,1,484
72,5,雨,1,396
72,6,晴,1,727
72,7,晴,1,1105
72,8,晴,1,1209
72,9,晴,1,1150
72,10,晴,1,764
72,11,雨,1,543
72,12,雪,1,467
72,13,晴,1,494
72,14,晴,1,484
72,15,晴,1,567
72,16,晴,1,703
72,17,晴,1,1125
72,18,晴,1,1227
72,19,晴,1,1039
72,20,晴,1,675
72,21,雪,1,648
72,22,晴,1,462
72,23,晴,1,506
73,0,雨,1,302
73,1,晴,1,402
73,2,雨,1,191
73,3,雨,1,302
73,4,晴,1,418
73,5,晴,1,372
73,6,晴,1,639
73,7,晴,1,1069
73,8,晴,1,1320
73,9,雨,1,1028
73,10,雨,1,780
73,11,晴,1,570
73,12,晴,1,650
73,13,晴,1,433
73,14,晴,1,638
73,15,晴,1,505
73,16,晴,1,799
73,17,雨,1,1019
73,18,晴,1,1162
73,19,晴,1,930
73,20,晴,1,798
73,21,雨,1,651
73,22,晴,1,551
73,23,晴,1,445
74,0,晴,1,319
74,1,雪,1,333
74,2,晴,1,398
74,3,晴,1,440
74,4,雨,1,342
74,5,晴,1,288
74,6,晴,1,647
74,7,晴,1,1060
74,8,雨,1,1374
74,9,晴,1,1166
74,10,雨,1,847
74,11,晴,1,526
74,12,雨,1,478
74,13,晴,1,574
74,14,晴,1,642
74,15,晴,1,647
74,16,晴,1,830
74,17,晴,1,983
74,18,晴,1,1249
74,19,雨,1,939
74,20,晴,1,843
74,21,晴,1,599
74,22,雨,1,489
74,23,雪,1,332
75,0,晴,0,224
75,1,晴,0,248
75,2,晴,0,256
75,3,晴,0,229
75,4,晴,0,220
75,5,晴,0,264
75,6,雪,0,824
75,7,晴,0,1179
75,8,晴,0,1215
75,9,晴,0,959
75,10,雪,0,608
75,11,雨,0,461
75,12,晴,0,566
75,13,雪,0,422
75,14,雨,0,507
75,15,雪,0,566
75,16,晴,0,709
75,17,晴,0,854
75,18,晴,0,1193
75,19,晴,0,845
75,20,晴,0,596
75,21,晴,0,496
75,22,雨,0,382
75,23,晴,0,423
76,0,雨,0,146
76,1,晴,0,189
76,2,晴,0,298
76,3,晴,0,472
76,4,晴,0,378
76,5,晴,0,207
76,6,晴,0,671
76,7,晴,0,973
76,8,晴,0,1197
76,9,晴,0,1045
76,10,雨,0,649
76,11,晴,0,565
76,12,晴,0,511
76,13,晴,0,494
76,14,晴,0,339
76,15,晴,0,499
76,16,晴,0,740
76,17,雨,0,1010
76,18,晴,0,1159
76,19,晴,0,1060
76,20,晴,0,620
76,21,晴,0,334
76,22,雨,0,389
76,23,雪,0,382
77,0,晴,1,554
77,1,晴,1,298
77,2,晴,1,444
77,3,晴,1,533
77,4,晴,1,522
77,5,晴,1,432
77,6,晴,1,861
77,7,雨,1,1142
77,8,晴,1,1235
77,9,晴,1,1232
77,10,晴,1,842
77,11,晴,1,510
77,12,晴,1,484
77,13,雨,1,490
77,14,雨,1,610
77,15,晴,1,479
77,16,雨,1,577
77,17,雪,1,950
77,18,晴,1,1217
77,19,雪,1,966
77,20,晴,1,743
77,21,晴,1,534
77,22,晴,1,347
77,23,晴,1,446
78,0,晴,1,332
78,1,晴,1,426
78,2,晴,1,509
78,3,晴,1,289
78,4,雨,1,378
78,5,雪,1,475
78,6,晴,1,989
78,7,晴,1,1079
78,8,晴,1,1233
78,9,晴,1,1094
78,10,晴,1,727
78,11,晴,1,638
78,12,晴,1,594
78,13,晴,1,523
78,14,晴,1,527
78,15,晴,1,685
78,16,晴,1,741
78,17,晴,1,1109
78,18,晴,1,1182
78,19,晴,1,953
78,20,晴,1,853
78,21,晴,1,599
78,22,晴,1,600
78,23,雨,1,536
79,0,晴,1,394
79,1,晴,1,284
79,2,晴,1,560
79,3,雪,1,394
79,4,晴,1,474
79,5,雪,1,427
79,6,晴,1,747
79,7,晴,1,1190
79,8,晴,1,1198
79,9,晴,1,1245
79,10,晴,1,775
79,11,晴,1,648
79,12,晴,1,540
79,13,晴,1,599
79,14,雨,1,614
79,15,晴,1,590
79,16,雨,1,635
79,17,雪,1,1184
79,18,晴,1,1092
79,19,晴,1,1085
79,20,晴,1,869
79,21,晴,1,618
79,22,晴,1,465
79,23,晴,1,520
80,0,晴,1,308
80,1,晴,1,306
80,2,晴,1,372
80,3,晴,1,151
80,4,晴,1,348
80,5,晴,1,449
80,6,晴,1,804
80,7,晴,1,1064
80,8,雨,1,1343
80,9,晴,1,1128
80,10,晴,1,962
80,11,晴,1,632
80,12,雪,1,475
80,13,晴,1,568
80,14,晴,1,381
80,15,晴,1,583
80,16,雪,1,783
80,17,晴,1,1055
80,18,晴,1,1136
80,19,晴,1,1053
80,20,晴,1,668
80,21,晴,1,715
80,22,晴,1,521
80,23,雨,1,541
81,0,晴,1,238
81,1,晴,1,304
81,2,晴,1,399
81,3,晴,1,434
81,4,晴,1,292
81,5,雨,1,329
81,6,雪,1,834
81,7,雨,1,1095
81,8,晴,1,1177
81,9,雪,1,986
81,10,晴,1,746
81,11,雨,1,670
81,12,晴,1,610
81,13,雨,1,525
81,14,雨,1,525
81,15,晴,1,544
81,16,晴,1,580
81,17,晴,1,1133
81,18,雪,1,1231
81,19,晴,1,978
81,20,晴,1,866
81,21,晴,1,480
81,22,晴,1,604
81,23,晴,1,362
82,0,晴,0,455
82,1,晴,0,141
82,2,晴,0,346
82,3,晴,0,201
82,4,晴,0,313
82,5,雨,0,476
82,6,雨,0,673
82,7,晴,0,1218
82,8,晴,0,1344
82,9,晴,0,905
82,10,晴,0,694
82,11,晴,0,466
82,12,雨,0,419
82,13,雪,0,374
82,14,晴,0,341
82,15,晴,0,468
82,16,晴,0,703
82,17,雨,0,744
82,18,晴,0,1174
82,19,晴,0,959
82,20,雨,0,782
82,21,雪,0,438
82,22,晴,0,367
82,23,晴,0,338
83,0,晴,0,291
83,1,晴,0,103
83,2,晴,0,192
83,3,晴,0,267
83,4,晴,0,145
83,5,晴,0,341
83,6,晴,0,801
83,7,雨,0,1117
83,8,雪,0,1191
83,9,晴,0,1102
83,10,晴,0,732
83,11,雪,0,500
83,12,雨,0,466
83,13,晴,0,373
83,14,晴,0,390
83,15,晴,0,509
83,16,晴,0,657
83,17,晴,0,1037
83,18,晴,0,1163
83,19,晴,0,1008
83,20,晴,0,702
83,21,晴,0,488
83,22,雨,0,473
83,23,雪,0,485
84,0,晴,1,380
84,1,雨,1,284
84,2,晴,1,351
84,3,晴,1,234
84,4,晴,1,467
84,5,晴,1,495
84,6,晴,1,727
84,7,雨,1,1071
84,8,雪,1,1407
84,9,雨,1,1067
84,10,雨,1,673
84,11,晴,1,491
84,12,晴,1,491
84,13,晴,1,466
84,14,雨,1,482
84,15,雨,1,631
84,16,雨,1,712
84,17,晴,1,1079
84,18,雪,1,1109
84,19,晴,1,1143
84,20,晴,1,673
84,21,晴,1,576
84,22,雨,1,502
84,23,晴,1,528
85,0,雨,1,415
85,1,晴,1,315
85,2,雨,1,417
85,3,晴,1,443
85,4,雨,1,348
85,5,雨,1,578
85,6,晴,1,821
85,7,晴,1,1096
85,8,晴,1,1307
85,9,晴,1,1267
85,10,晴,1,824
85,11,雨,1,614
85,12,晴,1,552
85,13,晴,1,577
85,14,晴,1,541
85,15,晴,1,622
85,16,晴,1,763
85,17,晴,1,1060
85,18,晴,1,1279
85,19,晴,1,986
85,20,晴,1,759
85,21,雪,1,552
85,22,晴,1,403
85,23,晴,1,401
86,0,晴,1,351
86,1,晴,1,433
86,2,晴,1,367
86,3,晴,1,306
86,4,晴,1,476
86,5,晴,1,403
86,6,雨,1,714
86,7,晴,1,1269
86,8,晴,1,1306
86,9,晴,1,1255
86,10,晴,1,794
86,11,雪,1,586
86,12,晴,1,402
86,13,晴,1,470
86,14,雪,1,551
86,15,晴,1,628
86,16,晴,1,769
86,17,雪,1,1022
86,18,晴,1,1202
86,19,晴,1,961
86,20,晴,1,873
86,21,晴,1,638
86,22,晴,1,504
86,23,雨,1,465
87,0,晴,1,502
87,1,晴,1,301
87,2,雨,1,333
87,3,雪,1,471
87,4,晴,1,384
87,5,雪,1,304
87,6,雨,1,817
87,7,晴,1,1078
87,8,晴,1,1186
87,9,雨,1,1081
87,10,晴,1,709
87,11,晴,1,521
87,12,晴,1,533
87,13,晴,1,396
87,14,晴,1,586
87,15,雪,1,549
87,16,晴,1,699
87,17,雪,1,1020
87,18,晴,1,1115
87,19,晴,1,960
87,20,晴,1,726
87,21,晴,1,596
87,22,晴,1,551
87,23,晴,1,463
88,0,晴,1,333
88,1,雨,1,367
88,2,晴,1,475
88,3,雪,1,357
88,4,雪,1,313
88,5,晴,1,363
88,6,晴,1,868
88,7,晴,1,944
88,8,晴,1,1259
88,9,晴,1,1051
88,10,雨,1,857
88,11,晴,1,688
88,12,晴,1,497
88,13,晴,1,443
88,14,晴,1,502
88,15,晴,1,606
88,16,晴,1,802
88,17,晴,1,1034
88,18,雨,1,1305
88,19,晴,1,999
88,20,晴,1,727
88,21,雪,1,547
88,22,雪,1,535
88,23,雨,1,570
89,0,晴,0,150
89,1,晴,0,161
89,2,晴,0,273
89,3,雨,0,164
89,4,晴,0,242
89,5,晴,0,307
89,6,晴,0,788
89,7,晴,0,1156
89,8,晴,0,1161
89,9,晴,0,1065
89,10,雨,0,668
89,11,晴,0,548
89,12,晴,0,325
89,13,晴,0,494
89,14,晴,0,364
89,15,晴,0,363
89,16,晴,0,614
89,17,雪,0,924
89,18,晴,0,1015
89,19,晴,0,941
89,20,雪,0,710
89,21,晴,0,409
89,22,雨,0,536
89,23,晴,0,594
90,0,晴,0,230
90,1,晴,0,297
90,2,雨,0,280
90,3,雨,0,240
90,4,晴,0,245
90,5,晴,0,200
90,6,雨,0,682
90,7,晴,0,1086
90,8,雪,0,1153
90,9,晴,0,791
90,10,雪,0,815
90,11,雨,0,516
90,12,晴,0,506
90,13,晴,0,385
90,14,雨,0,425
90,15,雨,0,519
90,16,雨,0,630
90,17,晴,0,1032
90,18,晴,0,1055
90,19,雨,0,1100
90,20,晴,0,566
90,21,雨,0,512
90,22,晴,0,360
90,23,雨,0,326
91,0,晴,1,279
91,1,雨,1,142
91,2,晴,1,268
91,3,晴,1,419
91,4,晴,1,424
91,5,雨,1,339
91,6,晴,1,832
91,7,晴,1,1065
91,8,雨,1,1151
91,9,晴,1,1192
91,10,晴,1,874
91,11,晴,1,540
91,12,晴,1,607
91,13,晴,1,495
91,14,雨,1,520
91,15,雨,1,562
91,16,晴,1,660
91,17,雨,1,1025
91,18,晴,1,1106
91,19,晴,1,1086
91,20,晴,1,807
91,21,雨,1,423
91,22,晴,1,559
91,23,雨,1,494
92,0,雪,1,214
92,1,晴,1,365
92,2,雨,1,320
92,3,晴,1,295
92,4,晴,1,272
92,5,晴,1,462
92,6,晴,1,800
92,7,晴,1,1132
92,8,晴,1,1389
92,9,晴,1,1243
92,10,晴,1,629
92,11,晴,1,612
92,12,晴,1,472
92,13,晴,1,543
92,14,晴,1,452
92,15,晴,1,728
92,16,晴,1,801
92,17,雪,1,1029
92,18,晴,1,1294
92,19,晴,1,976
92,20,晴,1,805
92,21,晴,1,555
92,22,晴,1,504
92,23,晴,1,637
93,0,雪,1,541
93,1,晴,1,380
93,2,晴,1,289
93,3,晴,1,341
93,4,雨,1,307
93,5,晴,1,385
93,6,雨,1,803
93,7,晴,1,1069
93,8,晴,1,1394
93,9,晴,1,1106
93,10,晴,1,789
93,11,晴,1,540
93,12,晴,1,415
93,13,晴,1,413
93,14,晴,1,530
93,15,雪,1,547
93,16,雪,1,779
93,17,雨,1,1126
93,18,晴,1,1141
93,19,晴,1,1217
93,20,雨,1,680
93,21,雪,1,481
93,22,晴,1,582
93,23,晴,1,498
94,0,晴,1,288
94,1,雨,1,251
94,2,晴,1,274
94,3,晴,1,354
94,4,雪,1,474
94,5,晴,1,303
94,6,晴,1,804
94,7,晴,1,1179
94,8,晴,1,1259
94,9,雨,1,1237
94,10,晴,1,814
94,11,晴,1,649
94,12,晴,1,575
94,13,晴,1,593
94,14,晴,1,499
94,15,晴,1,703
94,16,晴,1,750
94,17,晴,1,1025
94,18,晴,1,1176
94,19,雨,1,1016
94,20,晴,1,728
94,21,晴,1,577
94,22,晴,1,519
94,23,晴,1,506
95,0,晴,1,333
95,1,雨,1,410
95,2,晴,1,363
95,3,晴,1,384
95,4,雪,1,291
95,5,雨,1,336
95,6,雨,1,846
95,7,晴,1,1187
95,8,晴,1,1221
95,9,雪,1,1035
95,10,晴,1,891
95,11,晴,1,544
95,12,雨,1,460
95,13,雨,1,415
95,14,晴,1,426
95,15,雨,1,743
95,16,晴,1,745
95,17,晴,1,1019
95,18,晴,1,1107
95,19,晴,1,910
95,20,晴,1,892
95,21,晴,1,653
95,22,雨,1,523
95,23,晴,1,291
96,0,晴,0,227
96,1,晴,0,257
96,2,雪,0,255
96,3,雪,0,34
96,4,雨,0,371
96,5,雨,0,363
96,6,晴,0,505
96,7,雪,0,981
96,8,晴,0,1138
96,9,晴,0,1020
96,10,晴,0,674
96,11,雨,0,509
96,12,晴,0,265
96,13,晴,0,411
96,14,雨,0,336
96,15,晴,0,425
96,16,晴,0,645
96,17,晴,0,1065
96,18,晴,0,1136
96,19,晴,0,931
96,20,雪,0,551
96,21,雨,0,468
96,22,晴,0,335
96,23,晴,0,479
97,0,晴,0,242
97,1,晴,0,161
97,2,晴,0,237
97,3,晴,0,326
97,4,晴,0,336
97,5,雨,0,313
97,6,晴,0,748
97,7,雪,0,1037
97,8,晴,0,1060
97,9,雪,0,993
97,10,晴,0,562
97,11,晴,0,532
97,12,晴,0,351
97,13,晴,0,414
97,14,晴,0,276
97,15,晴,0,479
97,16,晴,0,644
97,17,晴,0,979
97,18,雪,0,1074
97,19,晴,0,947
97,20,晴,0,744
97,21,雪,0,546
97,22,晴,0,571
97,23,晴,0,583
98,0,晴,1,550
98,1,晴,1,346
98,2,晴,1,362
98,3,雪,1,506
98,4,晴,1,467
98,5,晴,1,385
98,6,晴,1,726
98,7,雨,1,970
98,8,晴,1,1328
98,9,晴,1,1232
98,10,雨,1,733
98,11,晴,1,526
98,12,晴,1,282
98,13,雪,1,550
98,14,晴,1,597
98,15,晴,1,589
98,16,雨,1,696
98,17,晴,1,1026
98,18,晴,1,1169
98,19,雪,1,1088
98,20,雪,1,697
98,21,雨,1,474
98,22,雪,1,361
98,23,晴,1,453
99,0,晴,1,425
99,1,晴,1,277
99,2,晴,1,224
99,3,晴,1,253
99,4,晴,1,284
99,5,晴,1,387
99,6,雪,1,688
99,7,晴,1,953
99,8,雪,1,1362
99,9,雨,1,1034
99,10,晴,1,815
99,11,晴,1,535
99,12,晴,1,448
99,13,雨,1,557
99,14,晴,1,501
99,15,晴,1,670
99,16,晴,1,712
99,17,晴,1,955
99,18,晴,1,1169
99,19,晴,1,990
99,20,晴,1,889
99,21,晴,1,516
99,22,晴,1,536
99,23,雪,1,495
100,0,雨,1,259
100,1,晴,1,278
100,2,雨,1,358
100,3,晴,1,359
100,4,晴,1,332
100,5,雨,1,420
100,6,晴,1,656
100,7,晴,1,1049
100,8,雨,1,1374
100,9,晴,1,1075
100,10,晴,1,868
100,11,雪,1,672
100,12,晴,1,601
100,13,雪,1,631
100,14,晴,1,546
100,15,晴,1,698
100,16,晴,1,826
100,17,雨,1,900
100,18,晴,1,1225
100,19,晴,1,1227
100,20,晴,1,600
100,21,晴,1,567
100,22,晴,1,420
100,23,晴,1,433
101,0,晴,1,301
101,1,雨,1,375
101,2,雨,1,317
101,3,晴,1,374
101,4,雨,1,513
101,5,晴,1,512
101,6,晴,1,802
101,7,晴,1,1097
101,8,晴,1,1331
101,9,晴,1,978
101,10,晴,1,754
101,11,晴,1,619
101,12,晴,1,521
101,13,晴,1,587
101,14,晴,1,584
101,15,雨,1,602
101,16,晴,1,725
101,17,晴,1,995
101,18,雪,1,1289
101,19,雨,1,1074
101,20,晴,1,685
101,21,晴,1,649
101,22,晴,1,538
101,23,晴,1,488
102,0,晴,1,411
102,1,雪,1,390
102,2,雪,1,456
102,3,晴,1,457
102,4,晴,1,321
102,5,晴,1,428
102,6,雨,1,764
102,7,晴,1,1270
102,8,晴,1,1362
102,9,晴,1,1118
102,10,晴,1,734
102,11,雪,1,587
102,12,晴,1,339
102,13,晴,1,476
102,14,晴,1,433
102,15,晴,1,647
102,16,晴,1,731
102,17,晴,1,1053
102,18,雨,1,1189
102,19,晴,1,1122
102,20,晴,1,837
102,21,晴,1,616
102,22,晴,1,537
102,23,晴,1,375
103,0,晴,0,232
103,1,晴,0,344
103,2,晴,0,266
103,3,晴,0,226
103,4,晴,0,225
103,5,晴,0,295
103,6,晴,0,701
103,7,雨,0,975
103,8,晴,0,1287
103,9,晴,0,886
103,10,晴,0,754
103,11,晴,0,596
103,12,雨,0,330
103,13,晴,0,453
103,14,晴,0,443
103,15,雨,0,409
103,16,雪,0,565
103,17,晴,0,982
103,18,雨,0,1249
103,19,雨,0,1044
103,20,雨,0,708
103,21,晴,0,509
103,22,晴,0,428
103,23,晴,0,394
104,0,晴,0,291
104,1,晴,0,184
104,2,晴,0,319
104,3,晴,0,250
104,4,晴,0,264
104,5,雪,0,464
104,6,晴,0,595
104,7,晴,0,1077
104,8,晴,0,1317
104,9,晴,0,1066
104,10,晴,0,712
104,11,晴,0,480
104,12,晴,0,484
104,13,晴,0,246
104,14,雪,0,452
104,15,晴,0,450
104,16,晴,0,653
104,17,雪,0,984
104,18,晴,0,1025
104,19,晴,0,897
104,20,晴,0,766
104,21,晴,0,445
104,22,晴,0,321
104,23,晴,0,444
105,0,晴,1,457
105,1,晴,1,249
105,2,晴,1,432
105,3,晴,1,468
105,4,晴,1,442
105,5,晴,1,425
105,6,雨,1,881
105,7,雪,1,1219
105,8,雪,1,1212
105,9,雨,1,1186
105,10,晴,1,804
105,11,晴,1,591
105,12,晴,1,376
105,13,晴,1,348
105,14,雨,1,523
105,15,雨,1,564
105,16,晴,1,747
105,17,雪,1,1026
105,18,晴,1,1123
105,19,雨,1,1114
105,20,晴,1,873
105,21,晴,1,459
105,22,雨,1,568
105,23,晴,1,404
106,0,晴,1,330
106,1,雨,1,384
106,2,雪,1,295
106,3,晴,1,284
106,4,雪,1,365
106,5,雨,1,503
106,6,晴,1,753
106,7,晴,1,1055
106,8,晴,1,1264
106,9,晴,1,1216
106,10,晴,1,796
106,11,晴,1,592
106,12,晴,1,487
106,13,晴,1,489
106,14,晴,1,570
106,15,晴,1,584
106,16,雨,1,899
106,17,雨,1,1008
106,18,晴,1,1309
106,19,晴,1,934
106,20,晴,1,768
106,21,晴,1,574
106,22,雨,1,622
106,23,晴,1,476
107,0,雨,1,488
107,1,晴,1,231
107,2,晴,1,291
107,3,雨,1,297
107,4,晴,1,264
107,5,雪,1,436
107,6,雨,1,773
107,7,雨,1,1205
107,8,晴,1,1206
107,9,晴,1,1304
107,10,晴,1,926
107,11,晴,1,537
107,12,雨,1,568
107,13,晴,1,457
107,14,晴,1,564
107,15,雨,1,468
107,16,晴,1,805
107,17,晴,1,1013
107,18,晴,1,1084
107,19,晴,1,1040
107,20,晴,1,756
107,21,晴,1,588
107,22,晴,1,652
107,23,晴,1,470
108,0,晴,1,337
108,1,晴,1,240
108,2,雪,1,379
108,3,晴,1,340
108,4,晴,1,278
108,5,晴,1,444
108,6,晴,1,721
108,7,雨,1,1291
108,8,晴,1,1274
108,9,雪,1,1030
108,10,雨,1,838
108,11,晴,1,374
108,12,雪,1,415
108,13,晴,1,579
108,14,晴,1,412
108,15,雨,1,632
108,16,雨,1,840
108,17,雨,1,1170
108,18,晴,1,1106
108,19,雪,1,982
108,20,晴,1,829
108,21,晴,1,664
108,22,晴,1,460
108,23,晴,1,372
109,0,晴,1,248
109,1,晴,1,250
109,2,晴,1,326
109,3,晴,1,373
109,4,雨,1,325
109,5,晴,1,444
109,6,晴,1,897
109,7,雨,1,1072
109,8,晴,1,1290
109,9,雨,1,1170
109,10,晴,1,833
109,11,晴,1,628
109,12,雨,1,477
109,13,雪,1,564
109,14,晴,1,523
109,15,晴,1,479
109,16,晴,1,760
109,17,雪,1,1023
109,18,晴,1,1037
109,19,晴,1,1214
109,20,晴,1,760
109,21,雨,1,733
109,22,晴,1,545
109,23,晴,1,424
110,0,雨,0,163
110,1,雪,0,278
110,2,晴,0,265
110,3,晴,0,199
110,4,雨,0,16
110,5,雨,0,344
110,6,晴,0,854
110,7,晴,0,1185
110,8,晴,0,1246
110,9,晴,0,993
110,10,雨,0,714
110,11,晴,0,419
110,12,雨,0,467
110,13,晴,0,301
110,14,雨,0,433
110,15,晴,0,555
110,16,晴,0,697
110,17,雨,0,877
110,18,晴,0,1208
110,19,雪,0,947
110,20,晴,0,661
110,21,晴,0,524
110,22,雨,0,150
110,23,晴,0,335
111,0,雨,0,222
111,1,晴,0,343
111,2,晴,0,129
111,3,雨,0,285
111,4,晴,0,205
111,5,晴,0,309
111,6,雪,0,623
111,7,晴,0,981
111,8,晴,0,1195
111,9,晴,0,1012
111,10,晴,0,634
111,11,雪,0,320
111,12,晴,0,345
111,13,晴,0,338
111,14,雨,0,465
111,15,晴,0,399
111,16,晴,0,603
111,17,晴,0,1037
111,18,晴,0,1071
111,19,雨,0,978
111,20,晴,0,582
111,21,雪,0,566
111,22,晴,0,410
111,23,晴,0,295
112,0,晴,1,404
112,1,晴,1,334
112,2,晴,1,430
112,3,雪,1,454
112,4,晴,1,334
112,5,晴,1,445
112,6,晴,1,798
112,7,晴,1,1242
112,8,晴,1,1233
112,9,雨,1,1007
112,10,晴,1,778
112,11,雪,1,513
112,12,晴,1,502
112,13,晴,1,615
112,14,晴,1,536
112,15,晴,1,605
112,16,晴,1,944
112,17,雪,1,1026
112,18,晴,1,1149
112,19,晴,1,1049
112,20,晴,1,703
112,21,雨,1,607
112,22,晴,1,429
112,23,晴,1,435
113,0,晴,1,144
113,1,雪,1,325
113,2,晴,1,307
113,3,雨,1,363
113,4,晴,1,572
113,5,晴,1,525
113,6,晴,1,863
113,7,晴,1,988
113,8,晴,1,1346
113,9,晴,1,1172
113,10,晴,1,829
113,11,晴,1,520
113,12,雨,1,528
113,13,晴,1,534
113,14,晴,1,478
113,15,晴,1,613
113,16,雨,1,817
113,17,晴,1,1031
113,18,晴,1,1118
113,19,晴,1,910
113,20,晴,1,737
113,21,晴,1,496
113,22,雨,1,478
113,23,晴,1,531
114,0,晴,1,380
114,1,雨,1,314
114,2,晴,1,285
114,3,晴,1,329
114,4,晴,1,471
114,5,雪,1,285
114,6,晴,1,760
114,7,雨,1,1032
114,8,晴,1,1371
114,9,雨,1,1152
114,10,雪,1,802
114,11,雨,1,512
114,12,雨,1,423
114,13,雨,1,532
114,14,雨,1,506
114,15,晴,1,505
114,16,晴,1,753
114,17,晴,1,1025
114,18,晴,1,1277
114,19,晴,1,1082
114,20,晴,1,742
114,21,雪,1,588
114,22,雨,1,543
114,23,晴,1,501
115,0,晴,1,238
115,1,雪,1,452
115,2,晴,1,526
115,3,晴,1,447
115,4,晴,1,446
115,5,晴,1,402
115,6,雨,1,916
115,7,雨,1,1152
115,8,晴,1,1384
115,9,晴,1,1138
115,10,雪,1,703
115,11,晴,1,572
115,12,雪,1,578
115,13,雨,1,471
115,14,晴,1,530
115,15,晴,1,540
115,16,雨,1,699
115,17,雨,1,818
115,18,晴,1,1034
115,19,晴,1,969
115,20,晴,1,716
115,21,晴,1,665
115,22,晴,1,438
115,23,雪,1,424
116,0,雨,1,498
116,1,晴,1,427
116,2,晴,1,591
116,3,晴,1,401
116,4,晴,1,294
116,5,晴,1,241
116,6,晴,1,819
116,7,晴,1,1265
116,8,晴,1,1243
116,9,晴,1,1164
116,10,晴,1,715
116,11,晴,1,517
116,12,晴,1,489
116,13,晴,1,601
116,14,晴,1,517
116,15,雨,1,596
116,16,晴,1,713
116,17,晴,1,1046
116,18,雪,1,1203
116,19,晴,1,1084
116,20,雪,1,719
116,21,晴,1,588
116,22,晴,1,315
116,23,晴,1,367
117,0,晴,0,251
117,1,雨,0,149
117,2,晴,0,290
117,3,雪,0,236
117,4,晴,0,283
117,5,晴,0,406
117,6,晴,0,673
117,7,晴,0,893
117,8,晴,0,1130
117,9,晴,0,1100
117,10,晴,0,814
117,11,晴,0,442
117,12,雪,0,413
117,13,晴,0,258
117,14,晴,0,447
117,15,雨,0,540
117,16,晴,0,631
117,17,晴,0,1004
117,18,晴,0,1175
117,19,晴,0,913
117,20,晴,0,505
117,21,雪,0,373
117,22,雨,0,437
117,23,晴,0,401
118,0,晴,0,215
118,1,晴,0,119
118,2,雪,0,188
118,3,晴,0,322
118,4,雨,0,388
118,5,晴,0,341
118,6,晴,0,555
118,7,晴,0,1040
118,8,雨,0,1206
118,9,晴,0,989
118,10,雪,0,635
118,11,晴,0,482
118,12,雨,0,464
118,13,晴,0,380
118,14,晴,0,372
118,15,晴,0,465
118,16,晴,0,682
118,17,晴,0,955
118,18,雨,0,1104
118,19,晴,0,891
118,20,雪,0,714
118,21,雨,0,569
118,22,晴,0,415
118,23,晴,0,465
119,0,晴,1,369
119,1,晴,1,270
119,2,晴,1,401
119,3,晴,1,350
119,4,晴,1,424
119,5,晴,1,558
119,6,晴,1,768
119,7,晴,1,1048
119,8,晴,1,1247
119,9,晴,1,1171
119,10,晴,1,841
119,11,雪,1,637
119,12,雨,1,487
119,13,雨,1,513
119,14,雨,1,516
119,15,晴,1,688
119,16,雨,1,721
119,17,晴,1,1000
119,18,雨,1,1166
119,19,雨,1,1129
119,20,晴,1,821
119,21,雨,1,479
119,22,晴,1,415
119,23,雨,1,534
120,0,雪,1,346
120,1,晴,1,209
120,2,晴,1,256
120,3,晴,1,352
120,4,晴,1,568
120,5,晴,1,486
120,6,雨,1,723
120,7,晴,1,1235
120,8,雨,1,1220
120,9,晴,1,1078
120,10,晴,1,903
120,11,晴,1,504
120,12,晴,1,639
120,13,晴,1,343
120,14,晴,1,549
120,15,晴,1,591
120,16,晴,1,836
120,17,雪,1,1059
120,18,雨,1,1220
120,19,晴,1,995
120,20,晴,1,739
120,21,晴,1,688
120,22,晴,1,547
120,23,晴,1,550
121,0,晴,1,371
121,1,晴,1,337
121,2,晴,1,213
121,3,雨,1,449
121,4,晴,1,422
121,5,晴,1,439
121,6,雨,1,732
121,7,晴,1,1187
121,8,晴,1,1232
121,9,晴,1,1174
121,10,晴,1,748
121,11,晴,1,611
121,12,晴,1,620
121,13,晴,1,516
121,14,雨,1,555
121,15,晴,1,720
121,16,晴,1,789
121,17,晴,1,975
121,18,晴,1,1254
121,19,晴,1,1023
121,20,晴,1,884
121,21,雨,1,549
121,22,晴,1,488
121,23,晴,1,542
122,0,雨,1,374
122,1,雨,1,402
122,2,晴,1,318
122,3,晴,1,416
122,4,晴,1,242
122,5,晴,1,394
122,6,晴,1,843
122,7,晴,1,984
122,8,晴,1,1336
122,9,雨,1,1146
122,10,晴,1,741
122,11,晴,1,621
122,12,晴,1,466
122,13,晴,1,561
122,14,晴,1,541
122,15,晴,1,651
122,16,晴,1,926
122,17,晴,1,1075
122,18,雨,1,1289
122,19,晴,1,957
122,20,晴,1,806
122,21,晴,1,407
122,22,雨,1,566
122,23,雨,1,414
123,0,晴,1,415
123,1,晴,1,447
123,2,雨,1,397
123,3,雨,1,213
123,4,晴,1,333
123,5,雨,1,284
123,6,雪,1,955
123,7,雪,1,1168
123,8,晴,1,1361
123,9,雨,1,1044
123,10,雨,1,728
123,11,晴,1,570
123,12,晴,1,592
123,13,晴,1,443
123,14,雨,1,665
123,15,晴,1,458
123,16,晴,1,743
123,17,晴,1,1154
123,18,雪,1,1121
123,19,晴,1,1009
123,20,雪,1,771
123,21,雨,1,496
123,22,晴,1,384
123,23,晴,1,445
124,0,晴,0,348
124,1,晴,0,235
124,2,雪,0,169
124,3,晴,0,173
124,4,晴,0,337
124,5,雪,0,280
124,6,雪,0,729
124,7,晴,0,998
124,8,晴,0,1226
124,9,晴,0,1096
124,10,晴,0,774
124,11,晴,0,412
124,12,雪,0,402
124,13,晴,0,363
124,14,晴,0,503
124,15,雨,0,400
124,16,雪,0,690
124,17,晴,0,973
124,18,雨,0,1033
124,19,晴,0,816
124,20,晴,0,607
124,21,晴,0,450
124,22,晴,0,393
124,23,晴,0,375
125,0,晴,0,301
125,1,晴,0,314
125,2,晴,0,335
125,3,晴,0,194
125,4,晴,0,255
125,5,晴,0,449
125,6,晴,0,681
125,7,晴,0,1171
125,8,雪,0,1158
125,9,晴,0,1066
125,10,晴,0,749
125,11,晴,0,472
125,12,晴,0,382
125,13,晴,0,320
125,14,晴,0,384
125,15,晴,0,369
125,16,晴,0,744
125,17,晴,0,827
125,18,雪,0,1049
125,19,雪,0,960
125,20,雪,0,662
125,21,晴,0,408
125,22,晴,0,437
125,23,雪,0,301
126,0,晴,1,366
126,1,晴,1,292
126,2,雨,1,243
126,3,晴,1,328
126,4,雨,1,434
126,5,晴,1,372
126,6,晴,1,849
126,7,雪,1,1118
126,8,晴,1,1221
126,9,晴,1,1091
126,10,晴,1,780
126,11,雨,1,391
126,12,雨,1,398
126,13,晴,1,469
126,14,晴,1,407
126,15,晴,1,637
126,16,晴,1,791
126,17,晴,1,1073
126,18,晴,1,1144
126,19,晴,1,968
126,20,晴,1,774
126,21,晴,1,635
126,22,雪,1,672
126,23,晴,1,592
127,0,晴,1,457
127,1,晴,1,430
127,2,晴,1,337
127,3,晴,1,282
127,4,雪,1,206
127,5,雨,1,412
127,6,晴,1,870
127,7,雨,1,1076
127,8,晴,1,1306
127,9,雨,1,1076
127,10,晴,1,827
127,11,晴,1,560
127,12,雨,1,305
127,13,晴,1,399
127,14,雨,1,562
127,15,晴,1,403
127,16,雨,1,760
127,17,晴,1,1092
127,18,雪,1,1090
127,19,晴,1,1122
127,20,雨,1,870
127,21,晴,1,477
127,22,晴,1,462
127,23,晴,1,512
128,0,晴,1,476
128,1,雨,1,317
128,2,雨,1,408
128,3,雨,1,356
128,4,雨,1,314
128,5,晴,1,293
128,6,晴,1,731
128,7,晴,1,1060
128,8,雪,1,1443
128,9,雪,1,1191
128,10,晴,1,760
128,11,晴,1,593
128,12,雨,1,459
128,13,晴,1,600
128,14,晴,1,459
128,15,雨,1,511
128,16,晴,1,759
128,17,雨,1,933
128,18,晴,1,1182
128,19,雨,1,993
128,20,晴,1,794
128,21,晴,1,677
128,22,晴,1,510
128,23,晴,1,510
129,0,晴,1,401
129,1,晴,1,219
129,2,晴,1,309
129,3,晴,1,409
129,4,晴,1,454
129,5,晴,1,486
129,6,晴,1,910
129,7,晴,1,1063
129,8,晴,1,1384
129,9,晴,1,1120
129,10,雪,1,647
129,11,晴,1,334
129,12,雨,1,546
129,13,雪,1,482
129,14,雪,1,674
129,15,雨,1,592
129,16,晴,1,723
129,17,晴,1,1052
129,18,晴,1,1161
129,19,晴,1,955
129,20,晴,1,758
129,21,晴,1,509
129,22,晴,1,580
129,23,雨,1,664
130,0,晴,1,319
130,1,晴,1,470
130,2,晴,1,228
130,3,晴,1,427
130,4,晴,1,382
130,5,晴,1,474
130,6,晴,1,887
130,7,晴,1,1148
130,8,晴,1,1184
130,9,晴,1,1177
130,10,晴,1,833
130,11,晴,1,558
130,12,雨,1,501
130,13,晴,1,564
130,14,晴,1,527
130,15,晴,1,540
130,16,雪,1,765
130,17,雨,1,961
130,18,晴,1,1137
130,19,晴,1,1042
130,20,晴,1,750
130,21,晴,1,587
130,22,晴,1,508
130,23,雨,1,401
131,0,雨,0,369
131,1,晴,0,338
131,2,雪,0,278
131,3,晴,0,213
131,4,雪,0,340
131,5,晴,0,400
131,6,晴,0,800
131,7,晴,0,1069
131,8,雪,0,1174
131,9,雨,0,1066
131,10,晴,0,539
131,11,晴,0,452
131,12,雨,0,556
131,13,晴,0,305
131,14,雨,0,278
131,15,晴,0,450
131,16,晴,0,635
131,17,雨,0,1015
131,18,晴,0,1119
131,19,雨,0,944
131,20,晴,0,530
131,21,晴,0,474
131,22,雨,0,354
131,23,雪,0,459
132,0,晴,0,253
132,1,晴,0,58
132,2,晴,0,352
132,3,晴,0,0
132,4,雨,0,177
132,5,雨,0,344
132,6,雪,0,682
132,7,晴,0,1063
132,8,晴,0,1153
132,9,晴,0,964
132,10,晴,0,677
132,11,晴,0,598
132,12,晴,0,320
132,13,晴,0,405
132,14,晴,0,435
132,15,雪,0,484
132,16,雪,0,614
132,17,晴,0,915
132,18,雨,0,1087
132,19,晴,0,943
132,20,晴,0,495
132,21,晴,0,517
132,22,晴,0,442
132,23,晴,0,469
133,0,雨,1,205
133,1,晴,1,371
133,2,晴,1,339
133,3,雨,1,363
133,4,雨,1,347
133,5,雪,1,465
133,6,晴,1,744
133,7,晴,1,1128
133,8,雨,1,1170
133,9,晴,1,1093
133,10,晴,1,768
133,11,晴,1,391
133,12,晴,1,522
133,13,晴,1,529
133,14,晴,1,482
133,15,晴,1,631
133,16,雨,1,860
133,17,晴,1,1201
133,18,晴,1,1100
133,19,晴,1,1086
133,20,晴,1,766
133,21,雨,1,569
133,22,雨,1,413
133,23,雪,1,499
134,0,晴,1,168
134,1,晴,1,333
134,2,晴,1,217
134,3,雨,1,310
134,4,晴,1,441
134,5,晴,1,380
134,6,雪,1,641
134,7,晴,1,1143
134,8,晴,1,1241
134,9,雪,1,1280
134,10,晴,1,669
134,11,雨,1,811
134,12,晴,1,468
134,13,雨,1,453
134,14,晴,1,400
134,15,雨,1,602
134,16,雪,1,582
134,17,晴,1,1067
134,18,晴,1,1267
134,19,晴,1,943
134,20,雪,1,885
134,21,晴,1,505
134,22,晴,1,486
134,23,晴,1,365
135,0,雨,1,336
135,1,晴,1,385
135,2,晴,1,249
135,3,雨,1,365
135,4,雪,1,394
135,5,晴,1,489
135,6,晴,1,788
135,7,晴,1,1218
135,8,晴,1,1196
135,9,雪,1,1149
135,10,晴,1,731
135,11,晴,1,605
135,12,晴,1,518
135,13,晴,1,437
135,14,晴,1,501
135,15,晴,1,506
135,16,雪,1,904
135,17,晴,1,1093
135,18,晴,1,1348
135,19,晴,1,969
135,20,雨,1,616
135,21,晴,1,597
135,22,晴,1,537
135,23,晴,1,554
136,0,晴,1,403
136,1,晴,1,491
136,2,晴,1,403
136,3,雪,1,263
136,4,晴,1,248
136,5,晴,1,583
136,6,晴,1,789
136,7,晴,1,1227
136,8,晴,1,1228
136,9,晴,1,1173
136,10,晴,1,722
136,11,晴,1,387
136,12,晴,1,601
136,13,晴,1,402
136,14,晴,1,402
136,15,晴,1,559
136,16,晴,1,744
136,17,晴,1,1062
136,18,晴,1,1226
136,19,晴,1,973
136,20,晴,1,648
136,21,雨,1,672
136,22,晴,1,575
136,23,晴,1,399
137,0,晴,1,217
137,1,晴,1,314
137,2,雨,1,238
137,3,晴,1,312
137,4,晴,1,421
137,5,晴,1,416
137,6,晴,1,882
137,7,晴,1,1092
137,8,晴,1,1381
137,9,晴,1,1080
137,10,雨,1,594
137,11,晴,1,609
137,12,晴,1,355
137,13,晴,1,448
137,14,晴,1,307
137,15,晴,1,565
137,16,晴,1,765
137,17,雨,1,1082
137,18,晴,1,1067
137,19,晴,1,961
137,20,雨,1,725
137,21,晴,1,612
137,22,晴,1,525
137,23,雪,1,416
138,0,晴,0,329
138,1,雪,0,120
138,2,雨,0,270
138,3,雨,0,179
138,4,晴,0,324
138,5,晴,0,280
138,6,晴,0,925
138,7,雨,0,1045
138,8,晴,0,1308
138,9,晴,0,1166
138,10,晴,0,666
138,11,晴,0,468
138,12,晴,0,513
138,13,雨,0,402
138,14,雨,0,325
138,15,晴,0,336
138,16,晴,0,668
138,17,雪,0,893
138,18,晴,0,1156
138,19,雨,0,902
138,20,雪,0,796
138,21,晴,0,395
138,22,晴,0,305
138,23,晴,0,383
139,0,晴,0,298
139,1,晴,0,313
139,2,晴,0,250
139,3,雨,0,396
139,4,雪,0,255
139,5,晴,0,304
139,6,晴,0,717
139,7,雨,0,926
139,8,雪,0,1281
139,9,晴,0,1120
139,10,晴,0,701
139,11,晴,0,401
139,12,晴,0,427
139,13,晴,0,542
139,14,晴,0,452
139,15,雨,0,534
139,16,晴,0,732
139,17,晴,0,847
139,18,晴,0,1077
139,19,晴,0,996
139,20,晴,0,537
139,21,晴,0,565
139,22,晴,0,297
139,23,晴,0,355
140,0,晴,1,437
140,1,晴,1,334
140,2,晴,1,361
140,3,晴,1,508
140,4,雨,1,437
140,5,雨,1,423
140,6,晴,1,663
140,7,雪,1,1200
140,8,晴,1,1291
140,9,晴,1,1099
140,10,晴,1,790
140,11,晴,1,551
140,12,晴,1,456
140,13,晴,1,461
140,14,晴,1,463
140,15,晴,1,491
140,16,晴,1,804
140,17,雨,1,1103
140,18,雨,1,1177
140,19,晴,1,1209
140,20,晴,1,861
140,21,晴,1,619
140,22,晴,1,581
140,23,晴,1,393
141,0,雨,1,444
141,1,晴,1,294
141,2,雨,1,491
141,3,晴,1,574
141,4,雨,1,550
141,5,晴,1,482
141,6,晴,1,855
141,7,晴,1,1189
141,8,晴,1,1272
141,9,晴,1,1165
141,10,雪,1,727
141,11,晴,1,723
141,12,晴,1,573
141,13,晴,1,605
141,14,晴,1,517
141,15,雨,1,535
141,16,晴,1,653
141,17,晴,1,992
141,18,晴,1,1189
141,19,雪,1,1106
141,20,晴,1,789
141,21,晴,1,593
141,22,晴,1,569
141,23,晴,1,491
142,0,晴,1,406
142,1,晴,1,368
142,2,晴,1,364
142,3,晴,1,293
142,4,雨,1,337
142,5,晴,1,284
142,6,晴,1,724
142,7,晴,1,1208
142,8,晴,1,1239
142,9,晴,1,1153
142,10,晴,1,726
142,11,雨,1,654
142,12,雨,1,551
142,13,晴,1,404
142,14,晴,1,588
142,15,晴,1,675
142,16,晴,1,691
142,17,雨,1,1024
142,18,晴,1,1119
142,19,晴,1,1111
142,20,晴,1,759
142,21,晴,1,575
142,22,晴,1,341
142,23,雪,1,489
143,0,晴,1,456
143,1,晴,1,526
143,2,晴,1,453
143,3,晴,1,420
143,4,雪,1,325
143,5,晴,1,385
143,6,晴,1,736
143,7,晴,1,1095
143,8,雨,1,1264
143,9,晴,1,1174
143,10,晴,1,675
143,11,晴,1,554
143,12,晴,1,359
143,13,晴,1,574
143,14,晴,1,483
143,15,雨,1,710
143,16,雪,1,814
143,17,晴,1,891
143,18,晴,1,1092
143,19,雨,1,1013
143,20,晴,1,936
143,21,晴,1,498
143,22,晴,1,528
143,23,晴,1,585
144,0,晴,1,455
144,1,晴,1,338
144,2,雨,1,266
144,3,晴,1,350
144,4,晴,1,443
144,5,晴,1,487
144,6,晴,1,650
144,7,晴,1,996
144,8,晴,1,1181
144,9,雪,1,1204
144,10,晴,1,693
144,11,晴,1,474
144,12,雨,1,521
144,13,晴,1,580
144,14,晴,1,639
144,15,晴,1,476
144,16,晴,1,930
144,17,雨,1,896
144,18,晴,1,1159
144,19,晴,1,1090
144,20,晴,1,670
144,21,晴,1,548
144,22,雨,1,475
144,23,雨,1,270
145,0,雨,0,113
145,1,雨,0,244
145,2,晴,0,192
145,3,雨,0,181
145,4,晴,0,228
145,5,晴,0,437
145,6,雨,0,775
145,7,晴,0,833
145,8,晴,0,1263
145,9,晴,0,933
145,10,晴,0,835
145,11,雨,0,399
145,12,晴,0,467
145,13,雨,0,367
145,14,雨,0,444
145,15,雨,0,441
145,16,晴,0,559
145,17,晴,0,877
145,18,晴,0,955
145,19,晴,0,1032
145,20,晴,0,718
145,21,晴,0,495
145,22,晴,0,440
145,23,雨,0,322
146,0,雪,0,262
146,1,晴,0,198
146,2,雨,0,412
146,3,雨,0,280
146,4,晴,0,202
146,5,晴,0,303
146,6,晴,0,688
146,7,雨,0,986
146,8,雪,0,1116
146,9,雪,0,1056
146,10,晴,0,759
146,11,雨,0,556
146,12,晴,0,467
146,13,晴,0,321
146,14,晴,0,466
146,15,晴,0,526
146,16,雨,0,693
146,17,晴,0,1024
146,18,晴,0,1042
146,19,晴,0,917
146,20,晴,0,727
146,21,晴,0,466
146,22,雨,0,363
146,23,雪,0,424
147,0,晴,1,454
147,1,晴,1,294
147,2,晴,1,516
147,3,晴,1,288
147,4,晴,1,352
147,5,晴,1,557
147,6,晴,1,793
147,7,雨,1,1201
147,8,雨,1,1185
147,9,晴,1,1085
147,10,雨,1,805
147,11,雨,1,460
147,12,晴,1,412
147,13,晴,1,560
147,14,雨,1,490
147,15,雨,1,534
147,16,晴,1,722
147,17,晴,1,1189
147,18,雨,1,1277
147,19,晴,1,1095
147,20,晴,1,748
147,21,晴,1,447
147,22,晴,1,511
147,23,晴,1,473
148,0,晴,1,211
148,1,晴,1,502
148,2,雨,1,422
148,3,晴,1,392
148,4,晴,1,219
148,5,晴,1,528
148,6,晴,1,764
148,7,晴,1,1086
148,8,晴,1,1331
148,9,雨,1,1134
148,10,晴,1,962
148,11,雪,1,473
148,12,晴,1,494
148,13,晴,1,395
148,14,雨,1,411
148,15,晴,1,608
148,16,雨,1,757
148,17,晴,1,1170
148,18,雪,1,1122
148,19,晴,1,1183
148,20,雨,1,704
148,21,晴,1,531
148,22,晴,1,442
148,23,晴,1,525
149,0,晴,1,409
149,1,晴,1,293
149,2,雪,1,468
149,3,晴,1,268
149,4,晴,1,368
149,5,晴,1,476
149,6,晴,1,871
149,7,晴,1,1231
149,8,雪,1,1281
149,9,晴,1,1166
149,10,晴,1,840
149,11,晴,1,515
149,12,晴,1,497
149,13,晴,1,421
149,14,晴,1,473
149,15,晴,1,561
149,16,晴,1,798
149,17,雨,1,1005
149,18,晴,1,1276
149,19,晴,1,933
149,20,晴,1,722
149,21,雪,1,526
149,22,晴,1,585
149,23,晴,1,475
150,0,晴,1,308
150,1,晴,1,250
150,2,晴,1,399
150,3,晴,1,216
150,4,晴,1,417
150,5,晴,1,423
150,6,晴,1,749
150,7,晴,1,1093
150,8,晴,1,1273
150,9,雨,1,1095
150,10,晴,1,628
150,11,晴,1,663
150,12,晴,1,423
150,13,雨,1,420
150,14,雨,1,490
150,15,晴,1,634
150,16,晴,1,776
150,17,晴,1,965
150,18,晴,1,1312
150,19,晴,1,1026
150,20,晴,1,903
150,21,雨,1,608
150,22,晴,1,550
150,23,晴,1,438
151,0,晴,1,210
151,1,晴,1,276
151,2,晴,1,413
151,3,雨,1,365
151,4,雪,1,263
151,5,雨,1,577
151,6,晴,1,798
151,7,雨,1,1139
151,8,晴,1,1345
151,9,晴,1,1067
151,10,雨,1,898
151,11,晴,1,457
151,12,晴,1,561
151,13,雨,1,706
151,14,晴,1,364
151,15,晴,1,460
151,16,晴,1,829
151,17,雨,1,905
151,18,晴,1,1240
151,19,晴,1,1046
151,20,晴,1,803
151,21,雨,1,520
151,22,晴,1,495
151,23,雨,1,506
152,0,雨,0,320
152,1,晴,0,168
152,2,晴,0,207
152,3,晴,0,212
152,4,晴,0,4
152,5,晴,0,429
152,6,晴,0,569
152,7,晴,0,1148
152,8,雨,0,1249
152,9,晴,0,1057
152,10,晴,0,615
152,11,晴,0,536
152,12,晴,0,403
152,13,雪,0,412
152,14,雨,0,545
152,15,晴,0,454
152,16,雨,0,770
152,17,晴,0,918
152,18,雪,0,860
152,19,雨,0,857
152,20,雨,0,553
152,21,晴,0,491
152,22,雪,0,471
152,23,晴,0,448
153,0,晴,0,333
153,1,晴,0,287
153,2,雨,0,139
153,3,晴,0,269
153,4,晴,0,212
153,5,晴,0,337
153,6,雨,0,665
153,7,晴,0,982
153,8,晴,0,1175
153,9,雨,0,1146
153,10,晴,0,531
153,11,雨,0,384
153,12,晴,0,323
153,13,晴,0,371
153,14,晴,0,454
153,15,晴,0,259
153,16,晴,0,621
153,17,晴,0,997
153,18,雪,0,1177
153,19,晴,0,809
153,20,晴,0,730
153,21,雨,0,528
153,22,晴,0,502
153,23,雪,0,388
154,0,晴,1,360
154,1,晴,1,406
154,2,晴,1,354
154,3,晴,1,221
154,4,晴,1,277
154,5,晴,1,422
154,6,雨,1,915
154,7,晴,1,1155
154,8,晴,1,1234
154,9,晴,1,1063
154,10,晴,1,737
154,11,雪,1,556
154,12,晴,1,492
154,13,晴,1,475
154,14,晴,1,487
154,15,晴,1,446
154,16,晴,1,631
154,17,晴,1,997
154,18,晴,1,1100
154,19,晴,1,1019
154,20,晴,1,810
154,21,晴,1,660
154,22,晴,1,564
154,23,晴,1,494
155,0,晴,1,387
155,1,晴,1,340
155,2,雪,1,327
155,3,雨,1,390
155,4,雪,1,332
155,5,晴,1,307
155,6,晴,1,758
155,7,晴,1,984
155,8,雨,1,1260
155,9,晴,1,1142
155,10,晴,1,805
155,11,雪,1,577
155,12,雨,1,493
155,13,晴,1,516
155,14,晴,1,551
155,15,晴,1,534
155,16,晴,1,657
155,17,晴,1,1062
155,18,晴,1,1111
155,19,雪,1,967
155,20,晴,1,819
155,21,晴,1,588
155,22,晴,1,617
155,23,晴,1,576
156,0,晴,1,343
156,1,雨,1,413
156,2,晴,1,257
156,3,晴,1,331
156,4,晴,1,360
156,5,雨,1,402
156,6,晴,1,852
156,7,晴,1,1142
156,8,晴,1,1316
156,9,晴,1,1239
156,10,晴,1,788
156,11,雨,1,664
156,12,晴,1,597
156,13,晴,1,550
156,14,晴,1,625
156,15,晴,1,578
156,16,晴,1,777
156,17,晴,1,989
156,18,晴,1,1162
156,19,晴,1,1060
156,20,雨,1,727
156,21,雨,1,604
156,22,晴,1,509
156,23,晴,1,584
157,0,雪,1,340
157,1,晴,1,423
157,2,晴,1,229
157,3,晴,1,287
157,4,雨,1,381
157,5,晴,1,394
157,6,晴,1,786
157,7,雨,1,1109
157,8,雨,1,1284
157,9,晴,1,1002
157,10,雨,1,800
157,11,晴,1,712
157,12,雨,1,514
157,13,雪,1,501
157,14,雨,1,649
157,15,晴,1,771
157,16,晴,1,681
157,17,雨,1,1190
157,18,雨,1,1186
157,19,晴,1,950
157,20,晴,1,815
157,21,雨,1,469
157,22,晴,1,492
157,23,雪,1,471
158,0,雪,1,350
158,1,雨,1,243
158,2,晴,1,228
158,3,雨,1,408
158,4,晴,1,454
158,5,晴,1,530
158,6,晴,1,664
158,7,雨,1,1067
158,8,雨,1,1479
158,9,晴,1,1050
158,10,雨,1,663
158,11,晴,1,540
158,12,晴,1,348
158,13,晴,1,361
158,14,雨,1,463
158,15,晴,1,526
158,16,晴,1,611
158,17,晴,1,1140
158,18,晴,1,1162
158,19,雨,1,1012
158,20,晴,1,720
158,21,晴,1,566
158,22,晴,1,654
158,23,晴,1,541
159,0,晴,0,249
159,1,晴,0,159
159,2,晴,0,180
159,3,雨,0,217
159,4,晴,0,225
159,5,晴,0,371
159,6,晴,0,556
159,7,晴,0,1086
159,8,晴,0,1175
159,9,晴,0,918
159,10,晴,0,695
159,11,晴,0,459
159,12,雪,0,351
159,13,晴,0,599
159,14,雪,0,371
159,15,晴,0,550
159,16,晴,0,792
159,17,晴,0,947
159,18,晴,0,1168
159,19,晴,0,994
159,20,晴,0,733
159,21,雨,0,459
159,22,晴,0,469
159,23,晴,0,429
160,0,晴,0,187
160,1,晴,0,306
160,2,雨,0,196
160,3,晴,0,376
160,4,晴,0,198
160,5,雨,0,289
160,6,晴,0,518
160,7,雪,0,952
160,8,晴,0,1335
160,9,晴,0,1146
160,10,晴,0,696
160,11,晴,0,430
160,12,晴,0,433
160,13,晴,0,335
160,14,晴,0,380
160,15,晴,0,517
160,16,晴,0,625
160,17,晴,0,944
160,18,晴,0,1145
160,19,晴,0,992
160,20,晴,0,615
160,21,晴,0,416
160,22,晴,0,460
160,23,晴,0,391
161,0,雪,1,408
161,1,晴,1,292
161,2,晴,1,315
161,3,晴,1,416
161,4,晴,1,325
161,5,雨,1,166
161,6,晴,1,851
161,7,晴,1,1147
161,8,晴,1,1260
161,9,晴,1,1260
161,10,晴,1,707
161,11,晴,1,585
161,12,雨,1,503
161,13,雪,1,367
161,14,晴,1,489
161,15,雨,1,665
161,16,晴,1,737
161,17,晴,1,1019
161,18,雨,1,1303
161,19,雨,1,942
161,20,晴,1,838
161,21,晴,1,424
161,22,晴,1,593
161,23,晴,1,394
162,0,晴,1,283
162,1,晴,1,249
162,2,雨,1,405
162,3,晴,1,352
162,4,晴,1,426
162,5,晴,1,446
162,6,晴,1,759
162,7,雨,1,1170
162,8,晴,1,1318
162,9,晴,1,1132
162,10,晴,1,755
162,11,晴,1,581
162,12,晴,1,491
162,13,晴,1,472
162,14,晴,1,521
162,15,雨,1,763
162,16,雨,1,700
162,17,晴,1,1181
162,18,晴,1,1252
162,19,晴,1,1026
162,20,晴,1,667
162,21,晴,1,454
162,22,晴,1,472
162,23,晴,1,496
163,0,雨,1,439
163,1,晴,1,425
163,2,晴,1,327
163,3,雨,1,311
163,4,雪,1,342
163,5,晴,1,434
163,6,晴,1,734
163,7,雪,1,1134
163,8,晴,1,1304
163,9,雨,1,1129
163,10,晴,1,911
163,11,晴,1,691
163,12,晴,1,549
163,13,晴,1,528
163,14,晴,1,692
163,15,雨,1,355
163,16,晴,1,835
163,17,晴,1,1250
163,18,晴,1,1173
163,19,晴,1,1070
163,20,晴,1,753
163,21,晴,1,594
163,22,晴,1,596
163,23,晴,1,629
164,0,晴,1,330
164,1,晴,1,419
164,2,晴,1,430
164,3,雪,1,327
164,4,晴,1,392
164,5,雪,1,470
164,6,晴,1,663
164,7,雨,1,1167
164,8,晴,1,1147
164,9,晴,1,1184
164,10,晴,1,820
164,11,雨,1,668
164,12,晴,1,291
164,13,晴,1,590
164,14,晴,1,591
164,15,雨,1,712
164,16,晴,1,633
164,17,晴,1,1098
164,18,晴,1,1045
164,19,雨,1,1094
164,20,晴,1,851
164,21,晴,1,512
164,22,晴,1,492
164,23,晴,1,503
165,0,晴,1,229
165,1,晴,1,392
165,2,晴,1,200
165,3,晴,1,334
165,4,晴,1,506
165,5,晴,1,450
165,6,晴,1,691
165,7,晴,1,1040
165,8,晴,1,1167
165,9,晴,1,1172
165,10,晴,1,693
165,11,雨,1,654
165,12,晴,1,528
165,13,晴,1,348
165,14,晴,1,363
165,15,雨,1,500
165,16,晴,1,743
165,17,雨,1,1144
165,18,晴,1,1237
165,19,晴,1,1100
165,20,晴,1,733
165,21,晴,1,441
165,22,晴,1,559
165,23,晴,1,508
166,0,雨,0,205
166,1,晴,0,254
166,2,晴,0,192
166,3,晴,0,196
166,4,雪,0,297
166,5,晴,0,376
166,6,晴,0,562
166,7,晴,0,1003
166,8,晴,0,1162
166,9,晴,0,1145
166,10,晴,0,760
166,11,雨,0,540
166,12,雨,0,366
166,13,晴,0,314
166,14,晴,0,350
166,15,晴,0,566
166,16,晴,0,562
166,17,晴,0,1104
166,18,晴,0,1109
166,19,雨,0,1096
166,20,晴,0,752
166,21,雨,0,322
166,22,晴,0,356
166,23,晴,0,434
167,0,晴,0,204
167,1,雨,0,300
167,2,雪,0,450
167,3,晴,0,390
167,4,晴,0,458
167,5,雪,0,288
167,6,雪,0,861
167,7,雨,0,988
167,8,晴,0,1192
167,9,晴,0,1062
167,10,雨,0,705
167,11,晴,0,618
167,12,雨,0,573
167,13,晴,0,454
167,14,晴,0,302
167,15,晴,0,609
167,16,雪,0,796
167,17,晴,0,951
167,18,晴,0,970
167,19,晴,0,812
167,20,晴,0,567
167,21,晴,0,473
167,22,晴,0,543
167,23,晴,0,487
168,0,雪,1,450
168,1,晴,1,401
168,2,雪,1,375
168,3,晴,1,374
168,4,晴,1,284
168,5,雨,1,359
168,6,晴,1,779
168,7,晴,1,1094
168,8,晴,1,1323
168,9,晴,1,1233
168,10,晴,1,719
168,11,晴,1,566
168,12,雨,1,592
168,13,晴,1,577
168,14,雪,1,547
168,15,晴,1,605
168,16,雨,1,764
168,17,晴,1,1062
168,18,雪,1,1368
168,19,晴,1,948
168,20,雪,1,757
168,21,晴,1,508
168,22,雨,1,579
168,23,雪,1,514
169,0,晴,1,324
169,1,晴,1,344
169,2,晴,1,419
169,3,晴,1,545
169,4,雨,1,351
169,5,雨,1,490
169,6,晴,1,780
169,7,晴,1,1260
169,8,雪,1,1434
169,9,晴,1,1096
169,10,晴,1,793
169,11,晴,1,508
169,12,晴,1,601
169,13,雨,1,588
169,14,晴,1,511
169,15,晴,1,642
169,16,晴,1,745
169,17,晴,1,1039
169,18,晴,1,1282
169,19,晴,1,985
169,20,晴,1,797
169,21,晴,1,526
169,22,晴,1,671
169,23,晴,1,507
170,0,雨,1,346
170,1,晴,1,342
170,2,晴,1,269
170,3,晴,1,262
170,4,晴,1,481
170,5,晴,1,370
170,6,晴,1,760
170,7,晴,1,1125
170,8,晴,1,1307
170,9,晴,1,1137
170,10,雨,1,850
170,11,雨,1,701
170,12,晴,1,520
170,13,晴,1,380
170,14,晴,1,562
170,15,雪,1,580
170,16,雨,1,735
170,17,晴,1,1008
170,18,雨,1,1333
170,19,晴,1,1047
170,20,晴,1,698
170,21,晴,1,614
170,22,晴,1,618
170,23,晴,1,424
171,0,晴,1,466
171,1,雨,1,248
171,2,晴,1,371
171,3,晴,1,423
171,4,晴,1,315
171,5,雨,1,345
171,6,晴,1,767
171,7,雨,1,1244
171,8,晴,1,1344
171,9,雪,1,1025
171,10,晴,1,952
171,11,晴,1,548
171,12,雨,1,544
171,13,雨,1,574
171,14,晴,1,580
171,15,晴,1,546
171,16,晴,1,800
171,17,晴,1,1081
171,18,雨,1,1216
171,19,雨,1,1202
171,20,晴,1,707
171,21,晴,1,503
171,22,晴,1,558
171,23,晴,1,548
172,0,雨,1,415
172,1,晴,1,265
172,2,雨,1,403
172,3,晴,1,214
172,4,晴,1,342
172,5,晴,1,297
172,6,雪,1,732
172,7,晴,1,1237
172,8,晴,1,1228
172,9,晴,1,880
172,10,晴,1,835
172,11,晴,1,442
172,12,晴,1,400
172,13,晴,1,463
172,14,晴,1,414
172,15,晴,1,576
172,16,雨,1,750
172,17,晴,1,966
172,18,晴,1,1216
172,19,晴,1,907
172,20,雪,1,934
172,21,晴,1,678
172,22,雪,1,454
172,23,雨,1,576
173,0,晴,0,282
173,1,晴,0,282
173,2,雨,0,168
173,3,晴,0,167
173,4,雨,0,198
173,5,晴,0,377
173,6,晴,0,656
173,7,晴,0,836
173,8,雪,0,1122
173,9,晴,0,1117
173,10,晴,0,613
173,11,晴,0,513
173,12,雨,0,359
173,13,雨,0,290
173,14,晴,0,516
173,15,晴,0,384
173,16,雨,0,766
173,17,雪,0,940
173,18,雪,0,1102
173,19,晴,0,1016
173,20,晴,0,713
173,21,晴,0,501
173,22,雪,0,383
173,23,晴,0,451
174,0,晴,0,316
174,1,雨,0,129
174,2,雨,0,251
174,3,晴,0,69
174,4,晴,0,304
174,5,晴,0,248
174,6,晴,0,738
174,7,晴,0,1015
174,8,晴,0,1231
174,9,雪,0,1155
174,10,晴,0,624
174,11,晴,0,478
174,12,晴,0,427
174,13,晴,0,305
174,14,晴,0,486
174,15,晴,0,592
174,16,晴,0,676
174,17,晴,0,1087
174,18,晴,0,1148
174,19,晴,0,957
174,20,晴,0,735
174,21,晴,0,465
174,22,雪,0,397
174,23,雨,0,448
175,0,晴,1,512
175,1,雨,1,278
175,2,晴,1,250
175,3,晴,1,381
175,4,晴,1,200
175,5,晴,1,403
175,6,晴,1,791
175,7,雪,1,1081
175,8,晴,1,1411
175,9,雨,1,1228
175,10,晴,1,948
175,11,晴,1,588
175,12,雨,1,531
175,13,晴,1,465
175,14,晴,1,605
175,15,雨,1,451
175,16,晴,1,728
175,17,晴,1,1140
175,18,晴,1,1188
175,19,晴,1,1003
175,20,雨,1,699
175,21,晴,1,502
175,22,晴,1,471
175,23,晴,1,540
176,0,晴,1,354
176,1,晴,1,467
176,2,雨,1,230
176,3,晴,1,299
176,4,晴,1,267
176,5,晴,1,375
176,6,晴,1,745
176,7,晴,1,1163
176,8,晴,1,1351
176,9,晴,1,1167
176,10,晴,1,865
176,11,晴,1,668
176,12,雪,1,548
176,13,雪,1,567
176,14,雨,1,492
176,15,晴,1,466
176,16,晴,1,703
176,17,晴,1,1159
176,18,晴,1,1113
176,19,晴,1,1016
176,20,晴,1,658
176,21,晴,1,650
176,22,雪,1,509
176,23,晴,1,474
177,0,晴,1,187
177,1,晴,1,350
177,2,晴,1,437
177,3,晴,1,405
177,4,晴,1,313
177,5,晴,1,361
177,6,晴,1,803
177,7,晴,1,999
177,8,雪,1,1342
177,9,雨,1,1031
177,10,晴,1,725
177,11,晴,1,513
177,12,晴,1,571
177,13,雨,1,425
177,14,晴,1,443
177,15,晴,1,697
177,16,晴,1,805
177,17,晴,1,1053
177,18,晴,1,1208
177,19,晴,1,879
177,20,晴,1,775
177,21,晴,1,677
177,22,晴,1,442
177,23,雨,1,380
178,0,雪,1,185
178,1,雨,1,255
178,2,晴,1,228
178,3,雨,1,375
178,4,晴,1,410
178,5,晴,1,484
178,6,雨,1,748
178,7,晴,1,1212
178,8,晴,1,1135
178,9,晴,1,1068
178,10,晴,1,760
178,11,晴,1,634
178,12,晴,1,394
178,13,晴,1,502
178,14,晴,1,587
178,15,晴,1,634
178,16,雨,1,706
178,17,雪,1,1078
178,18,雨,1,1155
178,19,晴,1,1002
178,20,晴,1,741
178,21,雨,1,705
178,22,雨,1,641
178,23,晴,1,573
179,0,晴,1,259
179,1,晴,1,420
179,2,雨,1,334
179,3,晴,1,395
179,4,晴,1,306
179,5,晴,1,490
179,6,晴,1,854
179,7,晴,1,1133
179,8,雪,1,1346
179,9,雨,1,1024
179,10,雪,1,838
179,11,晴,1,531
179,12,晴,1,623
179,13,晴,1,473
179,14,晴,1,389
179,15,晴,1,679
179,16,晴,1,763
179,17,雨,1,1102
179,18,晴,1,1200
179,19,晴,1,926
179,20,晴,1,729
179,21,晴,1,574
179,22,晴,1,573
179,23,晴,1,511
